query,rank,distance,chunk_id,doc_id,source_title,journal,pub_year,pmcid,section_title,split_strategy,text_preview
EGFR mutation lung cancer treatment,1,0.21027427911758423,PMCID:PMC545205::chunk_00000,PMCID:PMC545205,Gene Mutations in Lung Cancer: Promising Predictive Factors for the Success of Molecular Therapy,PLoS Medicine,2005,PMC545205,Molecular Therapy for Lung Cancer,semantic_section,"Title: Gene Mutations in Lung Cancer: Promising Predictive Factors for the Success of Molecular Therapy Section: Molecular Therapy for Lung Cancer Text: Gefitinib is the first “molecular-target agent” for lung cancer that inhibits the tyrosine kinase of the epidermal growth factor receptor (EGFR; also known as ERBB1). EGFR is frequently overexpressed in non-small-cell lung cancer (NSCLC), especially in squamous cell carcinoma, and its expression is related to the cancer's proliferation. Initial clinical trials of gefitinib showed its modest clinical activity in patients who had failed previous standard chemotherapy. But subsequent randomized trials in patients with previously untreated, advanced NSCLC have not shown a clinical advantage of gefitinib combined with standard chemotherapy over"
EGFR mutation lung cancer treatment,2,0.2115715742111206,PMCID:PMC2673583::chunk_00021,PMCID:PMC2673583,Customized Treatment in Non-Small-Cell Lung Cancer Based on EGFR Mutations and BRCA1 mRNA Expression,PLoS ONE,2009,PMC2673583,Discussion,semantic_section,"Title: Customized Treatment in Non-Small-Cell Lung Cancer Based on EGFR Mutations and BRCA1 mRNA Expression Section: Discussion Text: Mutations in the EGFR tyrosine kinase domain induce lung adenocarcinoma in mice [26] and a favorable response to first- and second-line gefitinib and erlotinib in advanced NSCLC. [7] , [8] In the present study, median survival exceeded 28 months in 12 patients with EGFR mutations treated with erlotinib, with a median time to progression of 13 months and a two-year survival of 73.3%; these results are similar to the findings of a meta-analysis of prospective trials with gefitinib in patients with EGFR mutations. [10] Median survival was 11 months in patients with the lowest BRCA1 expression, treated with cisplatin plus gemcitabine, and two-year survival was 4"
EGFR mutation lung cancer treatment,3,0.2131490707397461,PMCID:PMC2673583::chunk_00009,PMCID:PMC2673583,Customized Treatment in Non-Small-Cell Lung Cancer Based on EGFR Mutations and BRCA1 mRNA Expression,PLoS ONE,2009,PMC2673583,Results,semantic_section,"Title: Customized Treatment in Non-Small-Cell Lung Cancer Based on EGFR Mutations and BRCA1 mRNA Expression Section: Results Text: , Eastern Cooperative Oncology Group"
EGFR mutation lung cancer treatment,4,0.21380996704101562,PMCID:PMC1240071::chunk_00000,PMCID:PMC1240071,EGFR Mutations and Lung Cancer,PLoS Medicine,2005,PMC1240071,whole_document,whole_document_under_512,"Title: EGFR Mutations and Lung Cancer Section: whole_document Text: Tyrosine kinases of the epidermal growth factor receptor (EGFR) family are frequently mutated in human cancers. Mutations in the tyrosine kinase domain of EGFR (encoded by exons 18–24) have mostly been found in lung cancers. Some, but not all, lung cancers carrying such mutations are responsive to treatment with small-molecule EGFR inhibitors, including the two FDA-approved drugs erlotinib and gefitinib. Matthew Meyerson and colleagues undertook a systematic study of the different classes of EGFR mutations found in lung cancers in order to understand their roles in tumorigenesis on one hand, and their relation to drug sensitivity on the other. They introduced different altered EGFR versions into fibroblast and lung epithel"
EGFR mutation lung cancer treatment,5,0.2138785719871521,PMCID:PMC2673583::chunk_00000,PMCID:PMC2673583,Customized Treatment in Non-Small-Cell Lung Cancer Based on EGFR Mutations and BRCA1 mRNA Expression,PLoS ONE,2009,PMC2673583,Introduction,semantic_section,"Title: Customized Treatment in Non-Small-Cell Lung Cancer Based on EGFR Mutations and BRCA1 mRNA Expression Section: Introduction Text: The median survival of patients with advanced or metastatic non-small-cell lung cancer (NSCLC) is only 10–11 months with either standard cisplatin-based chemotherapy [1] , [2] or customized cisplatin-based chemotherapy based on excision repair cross-complementing 1 (ERCC1) mRNA expression, [3] and the two-year survival rate is only 14–21%. [1] , [2] , [3] The two proto-oncogenes currently known to be more commonly mutated in lung adenocarcinoma are K-RAS and EGFR [4] . Lung cancers caused by activating mutations in the epidermal growth factor receptor (EGFR) – mainly either deletion at exon 19 or L858R mutation at exon 21 – respond to small molecule tyrosi"
HIV reverse transcriptase inhibitor resistance,1,0.21514904499053955,PMCID:PMC2770537::chunk_00015,PMCID:PMC2770537,Five-year follow up of genotypic resistance patterns in HIV-1 subtype C infected patients in Botswana after failure of thymidine analogue-based regimens,Journal of the International AIDS Society,2009,PMC2770537,Results,semantic_section,Title: Five-year follow up of genotypic resistance patterns in HIV-1 subtype C infected patients in Botswana after failure of thymidine analogue-based regimens Section: Results Text: 0.01 (8.1) L89I 50.5 42.8 0.03 (11.5) E35D/N T74S 48.8 38.5 0.04 (19.2) M46I A71V 41.5 33.3 0.04 (8.1) V77I 41.5 33.3 0.04 (8.1) D60E Q61E/D 48.6 50 0.005 (24.32) Q61E/D N88S 59 40 0.03 (7.7) Mutations to reverse transcriptase inhibitors Approximately 87% of the patients who were genotyped possessed mutations associated with resistance to NNRTIs
HIV reverse transcriptase inhibitor resistance,2,0.21685725450515747,PMCID:PMC2713244::chunk_00008,PMCID:PMC2713244,Virological efficacy and emergence of drug resistance in adults on antiretroviral treatment in rural Tanzania,BMC Infectious Diseases,2009,PMC2713244,Results,semantic_section,"Title: Virological efficacy and emergence of drug resistance in adults on antiretroviral treatment in rural Tanzania Section: Results Text: . The small number of patients who received ART for 3 and 4 years (n = 36 and n = 16, respectively) gave rise to wide confidence intervals for those groups. Figure 2 Proportion of patients on ART with: A) suppressed viraemia (<400 copies/mL), and B) ≥1 clinically significant resistance mutation . Vertical lines indicate 95% confidence interval. Genotyping was successful in 22 of 23 samples with viral load >1000 copies/mL. HIV-1 subtypes were A ( n = 3), C ( n = 7), D ( n = 8) and CRF01_AE ( n = 2), whereas 2 were inconclusive (different subtypes in the protease and reverse transcriptase genes). Among those successfully genotyped, 18 patients (82%) harb"
HIV reverse transcriptase inhibitor resistance,3,0.21747827529907227,PMCID:PMC2951346::chunk_00013,PMCID:PMC2951346,Prevalence of Transmitted Drug Resistance and Impact of Transmitted Resistance on Treatment Success in the German HIV-1 Seroconverter Cohort,PLoS ONE,2010,PMC2951346,Results,semantic_section,"Title: Prevalence of Transmitted Drug Resistance and Impact of Transmitted Resistance on Treatment Success in the German HIV-1 Seroconverter Cohort Section: Results Text: . Dominance of NRTI resistance mutations, TAMs and T215 revertant substitutions The majority of the NRTI resistant strains (79.8%) carried thymidine analogue resistance mutations (TAMs) selected by zidovudine and stavudine. Among the TAMs, revertant amino acid substitutions at position 215 of the reverse transcriptase were most prevalent (74.7%). Despite the significant decrease of transmitted NRTI resistance there is no clear cut decrease of either the prevalence of TAMs or the T215 revertant substitions ( figure S1 ). T215 revertant substitutions were by far the most prevalent resistance mutations (3.8%) in the study po"
HIV reverse transcriptase inhibitor resistance,4,0.22305744886398315,PMCID:PMC2265747::chunk_00005,PMCID:PMC2265747,The incidence of multidrug and full class resistance in HIV-1 infected patients is decreasing over time (2001–2006) in Portugal,Retrovirology,2008,PMC2265747,Patients and Methods,semantic_section,"Title: The incidence of multidrug and full class resistance in HIV-1 infected patients is decreasing over time (2001–2006) in Portugal Section: Patients and Methods Text: . Additionally, because administration of the fusion inhibitor enfuvirtide was approved only in mid-2003 and resistance testing for this drug is rarely undertaken, drug-resistance to it was not addressed. Resistance to ritonavir was not taken into account since this drug is only administrated in order to boost other protease inhibitors. Intermediate or high level resistance to all drugs in a class lead to the establishment of full class resistance (FCR). Analyses were repeated by using Stanford HIVDB (version 4.1.9) and ANRS (version 2005.07) interpretation systems. The three studied classes are nucleoside reverse-transcr"
HIV reverse transcriptase inhibitor resistance,5,0.22353148460388184,PMCID:PMC2100143::chunk_00005,PMCID:PMC2100143,N348I in the Connection Domain of HIV-1 Reverse Transcriptase Confers Zidovudine and Nevirapine Resistance,PLoS Medicine,2007,PMC2100143,Methods,semantic_section,"Title: N348I in the Connection Domain of HIV-1 Reverse Transcriptase Confers Zidovudine and Nevirapine Resistance Section: Methods Text: . Viral load was determined using the Roche Amplicor Monitor Assay (Roche Diagnostics, Laval, Quebec, Canada) using either the standard or ultrasensitive method (since 1999). CD4 counts were measured by flow cytometry, followed by fluorescent monoclonal antibody analysis (Beckman Coulter, Mississauga, Ontario, Canada). The Centre's HIV genotypic drug resistance database consists of over 25,000 samples. Genotypic resistance testing was performed on stored plasma HIV RNA samples [ 17 – 19 ]. HIV RNA extraction, RT-PCR amplification, and DNA sequencing were performed as previously described [ 16 ]. Results of the genotyping analysis were reported as amino ac"
type 2 diabetes insulin sensitivity,1,0.2137993574142456,PMCID:PMC2699827::chunk_00002,PMCID:PMC2699827,Type 2 Diabetes Mellitus: New Genetic Insights will Lead to New Therapeutics,Current Genomics,2009,PMC2699827,GLUCOSE HOMEOSTASIS AND DIABETES,semantic_section,"Title: Type 2 Diabetes Mellitus: New Genetic Insights will Lead to New Therapeutics Section: GLUCOSE HOMEOSTASIS AND DIABETES Text: . Type 2 diabetes is characterized by the combination of disturbances in insulin secretion, and an impairment of the effects of insulin, so-called insulin resistance, which is often related to obesity. Insulin resistance is caused by defects in the signaling pathways that process the insulin signal in its target tissues. It has often been stated that the disease starts with insulin resistance accompanied by raised insulin and glucose levels. At a later stage, we presume β-cells undergo further damage and apoptosis, and are not able to keep up with the demand for insulin release, which then results in higher glucose levels. At least one of the pathways involved"
type 2 diabetes insulin sensitivity,2,0.2248726487159729,PMCID:PMC2858103::chunk_00000,PMCID:PMC2858103,Advantages of the single delay model for the assessment of insulin sensitivity from the intravenous glucose tolerance test,Theoretical Biology & Medical Modelling,2010,PMC2858103,Background,semantic_section,"Title: Advantages of the single delay model for the assessment of insulin sensitivity from the intravenous glucose tolerance test Section: Background Text: Insulin Resistance (IR), an impaired metabolic response to circulating insulin resulting in a decreased ability of the body to respond to the hormone by suppressing Hepatic Glucose Output and enhancing tissue glucose uptake, plays a central role in the development of Type 2 Diabetes Mellitus. In fact, IR develops long before diabetes, as has been described in the relatives of type 2 diabetic patients [ 1 ]. Further, the metabolic consequences of elevated body mass index (BMI), such as IR, are the critical factors that confer risk for type 2 diabetes [ 2 ] or cardiovascular disease associated with fatness [ 3 ]. IR is present in a variet"
type 2 diabetes insulin sensitivity,3,0.22905850410461426,PMCID:PMC1309619::chunk_00014,PMCID:PMC1309619,"Prevalence, predisposition and prevention of type II diabetes",Nutrition & Metabolism,2005,PMC1309619,"Obesity, Metabolic Syndrome, prediabetes",semantic_section,"Title: Prevalence, predisposition and prevention of type II diabetes Section: Obesity, Metabolic Syndrome, prediabetes Text: . However, the precise criteria for the definition of Metabolic Syndrome has yet to be unified. This is probably due to the enormous complexity of physiological/pathological conditions that Metabolic Syndrome covers. As such, the clinical utility and value of diagnosing Metabolic Syndrome is debated [ 45 , 46 ]. In a recent Joint Statement from the American Diabetes Association and the European Association, it is stated that ""Our analysis indicates that too much critically important information is missing to warrant its designation 'syndrome'. Until much needed research is completed, clinicians should evaluate and treat all CVD risk factor without regard to whether a"
type 2 diabetes insulin sensitivity,4,0.23323404788970947,PMCID:PMC2694824::chunk_00018,PMCID:PMC2694824,"Indices of insulin sensitivity and secretion from a standard liquid meal test in subjects with type 2 diabetes, impaired or normal fasting glucose",Nutrition Journal,2009,PMC2694824,Results,semantic_section,"Title: Indices of insulin sensitivity and secretion from a standard liquid meal test in subjects with type 2 diabetes, impaired or normal fasting glucose Section: Results Text: . Figure 3 Results for the product of the Matsuda index of insulin sensitivity and the ratio of the areas under the curve for insulin to glucose over 120 min (AUC ins/glu) according to fasting glucose tolerance status . NFG = normal fasting glucose; IFG = impaired fasting glucose; Diabetes = type 2 diabetes mellitus. Correlations between Measures of Insulin Resistance and Beta-Cell Function Table 2 shows Pearson correlation coefficients between the various measures of insulin resistance (or sensitivity) and beta-cell function. Natural logarithmic transformations improved the fit for some variables. The Matsuda index"
type 2 diabetes insulin sensitivity,5,0.2353118658065796,PMCID:PMC2271045::chunk_00006,PMCID:PMC2271045,A Survey of Insulin-Dependent Diabetes—Part I: Therapies and Devices,International Journal of Telemedicine and Applications,2008,PMC2271045,2. DIABETES MELLITUS,semantic_section,"Title: A Survey of Insulin-Dependent Diabetes—Part I: Therapies and Devices Section: 2. DIABETES MELLITUS Text: . 2.3. Type 2 diabetes Type 2 diabetes emerges in conditions of insulin resistance, insulin deficiency, and hyperglycemia [ 16 ]. In insulin resistance, since functions of internal insulin are largely degraded, it cannot appropriately facilitate the insulin-glucose metabolism, so regardless of its existence, body cells cannot take in blood glucose enough for energy supply [ 17 ]. Eventually, type 2 diabetes stimulates hyperglycemia, which is a condition where blood glucose levels keep much higher than expected for a long time, it may cause eye, kidney, and nerve damage [ 8 ]. However, in its initial stages, the symptoms of the disease are not so serious that they cannot be often "
SARS coronavirus spike protein,1,0.1938180923461914,PMCID:PMC549520::chunk_00011,PMCID:PMC549520,The Severe Acute Respiratory Syndrome (SARS)-coronavirus 3a protein may function as a modulator of the trafficking properties of the spike protein,Virology Journal,2005,PMC549520,Implication of the hypothesis,semantic_section,"Title: The Severe Acute Respiratory Syndrome (SARS)-coronavirus 3a protein may function as a modulator of the trafficking properties of the spike protein Section: Implication of the hypothesis Text: . Yxxx tetrapeptides are underlined and abbreviations used are: TM, transmembrane domain, aa, amino acids. b S proteins of group 1 coronaviruses: TGEV, transmissible gastroenteritis virus (AJ271965); PRCoV, porcine respiratory coronavirus (Z24675); CCoV, canine coronavirus (D13096); FCoV, feline coronavirus (AY204704); PEDV, porcine epidemic diarrhea virus (AF353511); HCoV-229E, human coronavirus 229E (AF304460); HCoV-NL63, human coronavirus NL63(AY518894). c S proteins of group 2 coronaviruses: BCoV, bovine coronavirus (AF220295), HCoV-OC43, human coronavirus OC43 (AY585228), HEV, porcine hema"
SARS coronavirus spike protein,2,0.20161467790603638,PMCID:PMC2805634::chunk_00021,PMCID:PMC2805634,Mutagenesis of the transmembrane domain of the SARS coronavirus spike glycoprotein: refinement of the requirements for SARS coronavirus cell entry,Virology Journal,2009,PMC2805634,Methods,semantic_section,"Title: Mutagenesis of the transmembrane domain of the SARS coronavirus spike glycoprotein: refinement of the requirements for SARS coronavirus cell entry Section: Methods Text: Cells and viruses 293T cells were obtained from the ATCC and cultured in DMEM with 10% FCS, VeroE6R cells were a kind gift of Dr. A.D.M.E. Osterhaus and they were cultured in DMEM with 10% FCS. SARS CoV strain Frankfurt was a kind gift of Drs H.F. Rabenau and H.W. Doerr. Plasmids The plasmids encoding SARS spike (phCMV-SS) and ACE-2 (pFLACE-2/T7RLuc) were described before [ 14 ]. Plasmids encoding mutant spike proteins were created by using the Quikchange method (Stratagene) and the products were verified by sequencing. SARSpp synthesis and titer determination Production of SARSpp was essentially carried out as desc"
SARS coronavirus spike protein,3,0.2063843011856079,PMCID:PMC548145::chunk_00011,PMCID:PMC548145,Molecular mechanisms of severe acute respiratory syndrome (SARS),Respiratory Research,2005,PMC548145,Introduction,semantic_section,"Title: Molecular mechanisms of severe acute respiratory syndrome (SARS) Section: Introduction Text: . Molecular modelling has been performed for the S1 and S2 units of the SARS-CoV spike protein [ 33 , 34 ]. The spike proteins of coronaviruses are reported to bind to receptors on their target cells and the domains responsible for receptor-binding are commonly situated in the N-terminal region of S1 [ 35 - 40 ]. The spikes consist of oligomeric structures, that are formed by heptad repeats of the S2 domain which also represent a fusion peptide sequence. This peptide is responsible for the coronavirus fusion activity. Figure 3 SARS-CoV transmission electron microscopy. In the supernatant of SARS-CoV infected cytopathic Vero E6 cells, characteristic virus particles can be found. The diameter "
SARS coronavirus spike protein,4,0.2072938084602356,PMCID:PMC2805634::chunk_00002,PMCID:PMC2805634,Mutagenesis of the transmembrane domain of the SARS coronavirus spike glycoprotein: refinement of the requirements for SARS coronavirus cell entry,Virology Journal,2009,PMC2805634,Background,semantic_section,"Title: Mutagenesis of the transmembrane domain of the SARS coronavirus spike glycoprotein: refinement of the requirements for SARS coronavirus cell entry Section: Background Text: . We measured the capacity of the mutated spike proteins to mediate cell entry of virus like particles using our previously described SARSpp assay [ 14 ]. In addition, we determined the oligomeric state of the non-active mutants. The mutants concerning the aromatic domain were further analyzed using fluorescent dye transfer assays. The data presented here show that specific amino acids in or close to the TMD are crucial for membrane fusion activity of SARS CoV. Figure 1 Characteristics of the SARS coronavirus S protein TMD and adjacent sequences . A) Alignment of the TMDs and adjacent sequences of coronavirus S p"
SARS coronavirus spike protein,5,0.21041840314865112,PMCID:PMC549520::chunk_00009,PMCID:PMC549520,The Severe Acute Respiratory Syndrome (SARS)-coronavirus 3a protein may function as a modulator of the trafficking properties of the spike protein,Virology Journal,2005,PMC549520,Implication of the hypothesis,semantic_section,Title: The Severe Acute Respiratory Syndrome (SARS)-coronavirus 3a protein may function as a modulator of the trafficking properties of the spike protein Section: Implication of the hypothesis Text: HCoV-OC43 S c TM-KCGGCCDD YTGY QELVIKTSHDD HEV S c TM-KCGGCCDD YTGH QEFVIKTSHDD MHV S c TM-KKCGNCCDECGGHQDSIVIHNISSHED RtCoV S c TM-KCGNCCDE YGGR QAGIVIHNISSHED HCoV-HKU1 S c TM-KCHNCCDE YGGH HDFVIKTSHDD SARS-CoV S c TM-GACSCGSCCKFDEDDSEPVLKGVKLHYT IBV S d TM-KKSS YYTT FDNDVVTEQYRPKKSV SARS-CoV 3a e TM-38aa- YNSV TDTIVVTEGD-101aa TfR e 19aa- YTRF SLARQVDGDNSHV-26aa-TM LDLR (proximal) e TM-17aa- YQKT TEDEVHICH-20aa LDLR (distal) e TM-34aa- YSYP SRQMVSLEDDVA CD-M6PR e TM-34aa-
breast cancer gene expression,1,0.1909090280532837,PMCID:PMC2855998::chunk_00001,PMCID:PMC2855998,Gene expression in histologically normal epithelium from breast cancer patients and from cancer-free prophylactic mastectomy patients shares a similar profile,British Journal of Cancer,2010,PMC2855998,Materials and methods,semantic_section,"Title: Gene expression in histologically normal epithelium from breast cancer patients and from cancer-free prophylactic mastectomy patients shares a similar profile Section: Materials and methods Text: . cel files were processed with MAS 5.0 using standard procedures for quality control, and normalisation was limited to re-scaling each sample to a mean intensity of 200. The microarray data from these samples are available from the NCBI Gene Expression Omnibus ( http://www.ncbi.nlm.nih.gov/geo ) under accession GSE20437. Patient groups Gene expression in NlEpi was examined by microarray in 42 samples (see Table 1 ). The primary analysis was between two groups: the control group of women undergoing RM who lacked any personal or strong family history of breast cancer and whose resected breas"
breast cancer gene expression,2,0.19162249565124512,PMCID:PMC2855998::chunk_00006,PMCID:PMC2855998,Gene expression in histologically normal epithelium from breast cancer patients and from cancer-free prophylactic mastectomy patients shares a similar profile,British Journal of Cancer,2010,PMC2855998,Results,semantic_section,"Title: Gene expression in histologically normal epithelium from breast cancer patients and from cancer-free prophylactic mastectomy patients shares a similar profile Section: Results Text: Gene expression by microarray in RM and HN samples Table 1 presents summary information for the 42 RM, HN, and PM samples investigated by microarray analysis. The initial analysis was conducted between the RM group ( n =18, mean age=51.4 years) and the HN group ( n =18; nine from patients with ER+ tumours and nine from patients with ER− tumours, mean age 52.8 years). The RM and HN samples were directly age matched by not more than 2 years, as age is known to influence gene expression ( Yau et al , 2007 ; Anders et al , 2008 ; Euhus et al , 2008 ). Thus, this comparison generates an age-independent gene e"
breast cancer gene expression,3,0.1919093132019043,PMCID:PMC2880427::chunk_00003,PMCID:PMC2880427,Gene expression profiling of peripheral blood cells for early detection of breast cancer,Breast Cancer Research : BCR,2010,PMC2880427,Materials and methods,semantic_section,"Title: Gene expression profiling of peripheral blood cells for early detection of breast cancer Section: Materials and methods Text: . Regarding the breast cancer subjects, tumor stage, grade and other relevant clinical data were recorded (Tables 1 and 2 ). The individuals in the case and control groups are balanced in relation to age, menopausal status and previous menopausal hormone therapy (Table 3 ). In addition to the 121 samples, five blood samples were collected from two healthy women at multiple time points (biological replicates), three blood samples from pregnant women, and one sample from a breast feeding healthy woman were collected, leaving 130 samples from 127 individuals for gene expression analysis (Table 1 ). Table 1 Clinical characteristics of the subjects included in the"
breast cancer gene expression,4,0.19533264636993408,PMCID:PMC2855998::chunk_00013,PMCID:PMC2855998,Gene expression in histologically normal epithelium from breast cancer patients and from cancer-free prophylactic mastectomy patients shares a similar profile,British Journal of Cancer,2010,PMC2855998,Discussion,semantic_section,"Title: Gene expression in histologically normal epithelium from breast cancer patients and from cancer-free prophylactic mastectomy patients shares a similar profile Section: Discussion Text: We aimed to better understand the molecular changes that are present in breast epithelium before clinical or pathological evidence of breast cancer. Therefore, we examined gene expression in 73 snap-frozen microdissected NlEpi samples. We used microarray (and qPCR) in 42 samples (18 RM, 18 HN, and 6 PM), and qPCR alone in 31 independent samples (8 RM, 17 HN, and 6 PM). The microarray analysis identified an age-independent profile consisting of 98 probe sets (corresponding to 86 genes) differentially expressed in the NlEpi of breast cancer cases (HN), compared with controls (RM). Using these 98 probe s"
breast cancer gene expression,5,0.19560635089874268,PMCID:PMC1410752::chunk_00016,PMCID:PMC1410752,Gene expression profiling spares early breast cancer patients from adjuvant therapy: derived and validated in two population-based cohorts,Breast Cancer Research,2005,PMC1410752,Discussion,semantic_section,"Title: Gene expression profiling spares early breast cancer patients from adjuvant therapy: derived and validated in two population-based cohorts Section: Discussion Text: . Some of the genes have been reported to be involved in breast cancer. CDKN1C, a tumor suppressor gene that regulates cell proliferation, was recently found to be downregulated in metastatic tumors [ 28 ]. Circulating IGF1 levels are associated with increased breast cancer risk [ 29 ]. The HOXA5 gene has been shown to play an important role in breast tumorigenesis. Its expression is higher in normal breast epithelium than in breast carcinomas, and expression of HOXA5 is lost in over 60% of breast tumors and cell lines, largely due to methylation, while its overexpression has been shown to induce apoptosis [ 30 ]. HOXA5 "
polymerase chain reaction DNA amplification,1,0.24590229988098145,PMCID:PMC1764024::chunk_00003,PMCID:PMC1764024,Large fragment Bst DNA polymerase for whole genome amplification of DNA from formalin-fixed paraffin-embedded tissues,BMC Genomics,2006,PMC1764024,Results,semantic_section,"Title: Large fragment Bst DNA polymerase for whole genome amplification of DNA from formalin-fixed paraffin-embedded tissues Section: Results Text: The Bst DNA polymerase yielded a median 990-fold (range 613–1618) of DNA amplification (Figure 1 ). The reaction efficiency for commercial DNA and DNA extracted from snap-frozen samples was comparable and achieved a median amplification of 803-fold (range 613 – 1043), whereas the FFPE derived DNA was amplified slightly more, with a median amplification of 1035-fold (range 839 – 1618). The amplification of the negative control also generated DNA product, which was consistent in amount to the other samples. Amplification of DNA from the human pancreatic ductal epithelium (HPDE) cell line yielded 1422 ± 310- and 1560 ± 144-fold changes without and"
polymerase chain reaction DNA amplification,2,0.2468801736831665,PMCID:PMC1475774::chunk_00000,PMCID:PMC1475774,DNA Amplification and Detection Made Simple (Relatively),PLoS Biology,2006,PMC1475774,recursive_fallback,recursive_fallback_no_section,"Title: DNA Amplification and Detection Made Simple (Relatively) Section: recursive_fallback Text: DNA Amplification and Detection Made Simple (Relatively) Twenty-three years ago, a man musing about work while driving down a California highway revolutionized molecular biology when he envisioned a technique to make large numbers of copies of a piece of DNA rapidly and accurately. Known as the polymerase chain reaction, or PCR, Kary Mullis's technique involves separating the double strands of a DNA fragment into single-strand templates by heating it, attaching primers that initiate the copying process, using DNA polymerase to make a copy of each strand from free nucleotides floating around in the reaction mixture, detaching the primers, then repeating the cycle using the new and old strands a"
polymerase chain reaction DNA amplification,3,0.24903523921966553,PMCID:PMC2663774::chunk_00010,PMCID:PMC2663774,Specific and complete human genome amplification with improved yield achieved by phi29 DNA polymerase and a novel primer at elevated temperature,BMC Research Notes,2009,PMC2663774,Results,semantic_section,"Title: Specific and complete human genome amplification with improved yield achieved by phi29 DNA polymerase and a novel primer at elevated temperature Section: Results Text: . The ideal average for representation should be 100%. The more loci examined, the closer the average will reflect on the quality of the amplified genetic material. Deviation from the ideal average indicates the presence of non-specific amplification artifacts mainly due to primer dimers. The specificity of the amplification products was characterized by using qPCR assays through the assessment of 4 independent loci that each located on a different chromosome. Real time molecular beacon qPCR assays specific for these loci were performed on the 30°C and 40°C amplified Promega gDNA. Unamplified Promega gDNA was used as "
polymerase chain reaction DNA amplification,4,0.24964076280593872,PMCID:PMC2663774::chunk_00011,PMCID:PMC2663774,Specific and complete human genome amplification with improved yield achieved by phi29 DNA polymerase and a novel primer at elevated temperature,BMC Research Notes,2009,PMC2663774,Results,semantic_section,"Title: Specific and complete human genome amplification with improved yield achieved by phi29 DNA polymerase and a novel primer at elevated temperature Section: Results Text: . 100% locus representation indicates complete specificity in the MDA reaction. Comprehensive amplification coverage is mediated by GGGCAGGA*N*G primer Four gDNA samples belonging to one family (F; Father, M; Mother, S; Son, and D; Daughter) were amplified by using GGGCAGGA*N*G primer, and amplification was compared to that accomplished by the reference NNNN*N*N primer (Repli-g kit). Amplification reactions were conducted at 30°C and 40°C resulting in a total of 16 amplification combinations. These and the unamplified gDNA 4 family samples (20 in total) were analyzed by the Affymetrix 10K Xba142 DNA SNP chip. SNP call"
polymerase chain reaction DNA amplification,5,0.2497164011001587,PMCID:PMC2663774::chunk_00004,PMCID:PMC2663774,Specific and complete human genome amplification with improved yield achieved by phi29 DNA polymerase and a novel primer at elevated temperature,BMC Research Notes,2009,PMC2663774,Findings,semantic_section,"Title: Specific and complete human genome amplification with improved yield achieved by phi29 DNA polymerase and a novel primer at elevated temperature Section: Findings Text: . Multiple Displacement Amplification (MDA) MDA was performed as described previously [ 18 ], with some modifications. Four customized 4× amplification mixes were prepared so that each included a unique primer different from that of the commercial Repli-g kit (NNNN*N*N). 50 μL amplification reactions were prepared, and each contained 1× reaction buffer, 50 ng of human genomic DNA (Promega Corporation, Madison, WI, USA), 40 units of ϕ29 DNA polymerase (Repli-g kit, Qiagen). Amplifications were incubated at either 30°C or 40°C for 16 h then terminated by heating to 65°C for 5 min. The DNA concentration of the MDA produ"
inflammatory cytokines macrophage response,1,0.2313368320465088,PMCID:PMC2846935::chunk_00000,PMCID:PMC2846935,Delineation of Diverse Macrophage Activation Programs in Response to Intracellular Parasites and Cytokines,PLoS Neglected Tropical Diseases,2010,PMC2846935,Introduction,semantic_section,"Title: Delineation of Diverse Macrophage Activation Programs in Response to Intracellular Parasites and Cytokines Section: Introduction Text: Macrophages are innate immune cells that respond to a variety of stimuli [1] , [2] . In the early, acute phase of an infection, they are activated by pathogen-associated molecular patterns (PAMPs), allowing them to recognize, engulf, and kill invading pathogens [3] . During the chronic phase of infection, macrophages are further activated by cytokines secreted by T cells [4] . Interaction with different PAMPs and cytokines leads to different states of macrophage activation [5] . These include innate macrophage activation by microbial products such as LPS through engagement of pattern recognition receptors (PRRs), classical macrophage activation by T "
inflammatory cytokines macrophage response,2,0.23983138799667358,PMCID:PMC1920521::chunk_00003,PMCID:PMC1920521,Directional responses following recombinant cytokine stimulation of rainbow trout ( Oncorhynchus mykiss ) RTS-11 macrophage cells as revealed by transcriptome profiling,BMC Genomics,2007,PMC1920521,Background,semantic_section,"Title: Directional responses following recombinant cytokine stimulation of rainbow trout ( Oncorhynchus mykiss ) RTS-11 macrophage cells as revealed by transcriptome profiling Section: Background Text: . IFN-γ is produced by natural killer cells and T lymphocytes in response to IL-12 and IL-18 [ 39 ]. In its active form the cytokine binds to the IFN-γ receptors R1 and R2 which activate the intracellular JAK/STAT signal pathway to initiate the expression of a large number of different genes [ 40 ]. One effect is to induce macrophages to produce toxic substances, including reactive oxygen intermediates, to kill intracellular bacteria and exert antiviral activities by inducing a number of antiviral proteins such as 2', 5'-oligoadenylate synthetase, dsRNA-dependant protein kinase PKR, guanylat"
inflammatory cytokines macrophage response,3,0.24448621273040771,PMCID:PMC1609108::chunk_00000,PMCID:PMC1609108,Expression profiles for macrophage alternative activation genes in AD and in mouse models of AD,Journal of Neuroinflammation,2006,PMC1609108,Background,semantic_section,"Title: Expression profiles for macrophage alternative activation genes in AD and in mouse models of AD Section: Background Text: As part of the innate immune system, macrophages rapidly respond to a large variety of pathological molecular pattern stimuli (PAMPS) such as bacterial coat and viral proteins [ 1 , 2 ]. The programmed response to acute stimuli includes the induction of a specific gene profile and the subsequent production of multiple cytoactive factors such as TNFα, NO and IL-1 that protect against tissue invaders. In peripheral macrophages, this first phase of an innate immune response has been described as classical immune activation [ 1 - 3 ]. ""Classical activation"" is also characterized by the involvement of Th-1 cytokines such as interferon-γ (IFN-γ), a ""master"" cytokine th"
inflammatory cytokines macrophage response,4,0.2473078966140747,PMCID:PMC551535::chunk_00003,PMCID:PMC551535,Polarized monocyte response to cytokine stimulation,Genome Biology,2005,PMC551535,Background,semantic_section,"Title: Polarized monocyte response to cytokine stimulation Section: Background Text: . The stringent dichotomy describing a classical activation of MPs into mature antigen-presenting cells caused by IFN-γ and an alternative induction into macrophages induced by IL-4 and IL-13 may not apply to physiological conditions in which the microenvironment responds to pathogen exposure with a broad array of cytokine secretion. We therefore investigated whether polarized responses of MPs to pathogens are extreme behaviors that can be observed in vitro by studying a few illustrative cytokines or whether they represent a mandatory molecular switch through which most cytokines operate. Thus, we stimulated non-conditioned CD14 + MPs with LPS for 1 hour. The MPs were then exposed to an array of different "
inflammatory cytokines macrophage response,5,0.24864161014556885,PMCID:PMC551535::chunk_00000,PMCID:PMC551535,Polarized monocyte response to cytokine stimulation,Genome Biology,2005,PMC551535,Background,semantic_section,"Title: Polarized monocyte response to cytokine stimulation Section: Background Text: Resident and recruited mononuclear phagocytes (MPs) display a versatile phenotype that reflects the plasticity of these cells in response to microenvironmental signals. This heterogeneity spans a continuous spectrum that can be polarized into two extremes recently described by Mantovani et al . [ 1 ]. Pathogen stimulation exemplified, for instance, by lipopolysaccharide (LPS) stimulation in the presence of interferon (IFN)-γ induces M1 MPs through engagement of Toll-like receptors (TLRs). M1 MPs are true antigen-presenting cells capable not only of killing invading organisms but of concomitantly recruiting and activating immune effector cells [ 2 , 3 ]. Treatment of MPs with type II cytokines such as inter"
