id,record_id,route,chunk_strategy,source_file,title,section_title,section_index,section_source,chunk_index,chunk_count,within_section_chunk_index,within_section_chunk_count,chunk_chars,chunk_token_len
pmc_000001::chunk_00000,pmc_000001,semantic_section,section_whole_under_512,PMC000xxxxxx/PMC176545.xml,The Transcriptome of the Intraerythrocytic Developmental Cycle of Plasmodium falciparum,Title and abstract,-1,record_title_abstract,0,60,0,1,2211,454
pmc_000001::chunk_00001,pmc_000001,semantic_section,section_recursive_over_512,PMC000xxxxxx/PMC176545.xml,The Transcriptome of the Intraerythrocytic Developmental Cycle of Plasmodium falciparum,Introduction,0,xml_top_level_sec,1,60,0,5,12,3
pmc_000001::chunk_00002,pmc_000001,semantic_section,section_recursive_over_512,PMC000xxxxxx/PMC176545.xml,The Transcriptome of the Intraerythrocytic Developmental Cycle of Plasmodium falciparum,Introduction,0,xml_top_level_sec,2,60,1,5,1762,383
pmc_000001::chunk_00003,pmc_000001,semantic_section,section_recursive_over_512,PMC000xxxxxx/PMC176545.xml,The Transcriptome of the Intraerythrocytic Developmental Cycle of Plasmodium falciparum,Introduction,0,xml_top_level_sec,3,60,2,5,1702,391
pmc_000001::chunk_00004,pmc_000001,semantic_section,section_recursive_over_512,PMC000xxxxxx/PMC176545.xml,The Transcriptome of the Intraerythrocytic Developmental Cycle of Plasmodium falciparum,Introduction,0,xml_top_level_sec,4,60,3,5,1709,402
pmc_000001::chunk_00005,pmc_000001,semantic_section,section_recursive_over_512,PMC000xxxxxx/PMC176545.xml,The Transcriptome of the Intraerythrocytic Developmental Cycle of Plasmodium falciparum,Introduction,0,xml_top_level_sec,5,60,4,5,1653,367
pmc_000001::chunk_00006,pmc_000001,semantic_section,section_recursive_over_512,PMC000xxxxxx/PMC176545.xml,The Transcriptome of the Intraerythrocytic Developmental Cycle of Plasmodium falciparum,Results,1,xml_top_level_sec,6,60,0,34,7,3
pmc_000001::chunk_00007,pmc_000001,semantic_section,section_recursive_over_512,PMC000xxxxxx/PMC176545.xml,The Transcriptome of the Intraerythrocytic Developmental Cycle of Plasmodium falciparum,Results,1,xml_top_level_sec,7,60,1,34,1504,377
pmc_000001::chunk_00008,pmc_000001,semantic_section,section_recursive_over_512,PMC000xxxxxx/PMC176545.xml,The Transcriptome of the Intraerythrocytic Developmental Cycle of Plasmodium falciparum,Results,1,xml_top_level_sec,8,60,2,34,1395,315
pmc_000001::chunk_00009,pmc_000001,semantic_section,section_recursive_over_512,PMC000xxxxxx/PMC176545.xml,The Transcriptome of the Intraerythrocytic Developmental Cycle of Plasmodium falciparum,Results,1,xml_top_level_sec,9,60,3,34,1431,337
pmc_000001::chunk_00010,pmc_000001,semantic_section,section_recursive_over_512,PMC000xxxxxx/PMC176545.xml,The Transcriptome of the Intraerythrocytic Developmental Cycle of Plasmodium falciparum,Results,1,xml_top_level_sec,10,60,4,34,1907,400
pmc_000001::chunk_00011,pmc_000001,semantic_section,section_recursive_over_512,PMC000xxxxxx/PMC176545.xml,The Transcriptome of the Intraerythrocytic Developmental Cycle of Plasmodium falciparum,Results,1,xml_top_level_sec,11,60,5,34,1586,372
pmc_000001::chunk_00012,pmc_000001,semantic_section,section_recursive_over_512,PMC000xxxxxx/PMC176545.xml,The Transcriptome of the Intraerythrocytic Developmental Cycle of Plasmodium falciparum,Results,1,xml_top_level_sec,12,60,6,34,1694,365
pmc_000001::chunk_00013,pmc_000001,semantic_section,section_recursive_over_512,PMC000xxxxxx/PMC176545.xml,The Transcriptome of the Intraerythrocytic Developmental Cycle of Plasmodium falciparum,Results,1,xml_top_level_sec,13,60,7,34,1719,356
pmc_000001::chunk_00014,pmc_000001,semantic_section,section_recursive_over_512,PMC000xxxxxx/PMC176545.xml,The Transcriptome of the Intraerythrocytic Developmental Cycle of Plasmodium falciparum,Results,1,xml_top_level_sec,14,60,8,34,1568,396
pmc_000001::chunk_00015,pmc_000001,semantic_section,section_recursive_over_512,PMC000xxxxxx/PMC176545.xml,The Transcriptome of the Intraerythrocytic Developmental Cycle of Plasmodium falciparum,Results,1,xml_top_level_sec,15,60,9,34,1545,377
pmc_000001::chunk_00016,pmc_000001,semantic_section,section_recursive_over_512,PMC000xxxxxx/PMC176545.xml,The Transcriptome of the Intraerythrocytic Developmental Cycle of Plasmodium falciparum,Results,1,xml_top_level_sec,16,60,10,34,1718,393
pmc_000001::chunk_00017,pmc_000001,semantic_section,section_recursive_over_512,PMC000xxxxxx/PMC176545.xml,The Transcriptome of the Intraerythrocytic Developmental Cycle of Plasmodium falciparum,Results,1,xml_top_level_sec,17,60,11,34,1409,341
pmc_000001::chunk_00018,pmc_000001,semantic_section,section_recursive_over_512,PMC000xxxxxx/PMC176545.xml,The Transcriptome of the Intraerythrocytic Developmental Cycle of Plasmodium falciparum,Results,1,xml_top_level_sec,18,60,12,34,1524,365
pmc_000001::chunk_00019,pmc_000001,semantic_section,section_recursive_over_512,PMC000xxxxxx/PMC176545.xml,The Transcriptome of the Intraerythrocytic Developmental Cycle of Plasmodium falciparum,Results,1,xml_top_level_sec,19,60,13,34,1747,370
pmc_000001::chunk_00020,pmc_000001,semantic_section,section_recursive_over_512,PMC000xxxxxx/PMC176545.xml,The Transcriptome of the Intraerythrocytic Developmental Cycle of Plasmodium falciparum,Results,1,xml_top_level_sec,20,60,14,34,1704,395
pmc_000001::chunk_00021,pmc_000001,semantic_section,section_recursive_over_512,PMC000xxxxxx/PMC176545.xml,The Transcriptome of the Intraerythrocytic Developmental Cycle of Plasmodium falciparum,Results,1,xml_top_level_sec,21,60,15,34,1653,360
pmc_000001::chunk_00022,pmc_000001,semantic_section,section_recursive_over_512,PMC000xxxxxx/PMC176545.xml,The Transcriptome of the Intraerythrocytic Developmental Cycle of Plasmodium falciparum,Results,1,xml_top_level_sec,22,60,16,34,1633,368
pmc_000001::chunk_00023,pmc_000001,semantic_section,section_recursive_over_512,PMC000xxxxxx/PMC176545.xml,The Transcriptome of the Intraerythrocytic Developmental Cycle of Plasmodium falciparum,Results,1,xml_top_level_sec,23,60,17,34,1653,391
pmc_000001::chunk_00024,pmc_000001,semantic_section,section_recursive_over_512,PMC000xxxxxx/PMC176545.xml,The Transcriptome of the Intraerythrocytic Developmental Cycle of Plasmodium falciparum,Results,1,xml_top_level_sec,24,60,18,34,1518,378
pmc_000001::chunk_00025,pmc_000001,semantic_section,section_recursive_over_512,PMC000xxxxxx/PMC176545.xml,The Transcriptome of the Intraerythrocytic Developmental Cycle of Plasmodium falciparum,Results,1,xml_top_level_sec,25,60,19,34,1565,360
pmc_000001::chunk_00026,pmc_000001,semantic_section,section_recursive_over_512,PMC000xxxxxx/PMC176545.xml,The Transcriptome of the Intraerythrocytic Developmental Cycle of Plasmodium falciparum,Results,1,xml_top_level_sec,26,60,20,34,1616,370
pmc_000001::chunk_00027,pmc_000001,semantic_section,section_recursive_over_512,PMC000xxxxxx/PMC176545.xml,The Transcriptome of the Intraerythrocytic Developmental Cycle of Plasmodium falciparum,Results,1,xml_top_level_sec,27,60,21,34,1906,398
pmc_000001::chunk_00028,pmc_000001,semantic_section,section_recursive_over_512,PMC000xxxxxx/PMC176545.xml,The Transcriptome of the Intraerythrocytic Developmental Cycle of Plasmodium falciparum,Results,1,xml_top_level_sec,28,60,22,34,1864,401
pmc_000001::chunk_00029,pmc_000001,semantic_section,section_recursive_over_512,PMC000xxxxxx/PMC176545.xml,The Transcriptome of the Intraerythrocytic Developmental Cycle of Plasmodium falciparum,Results,1,xml_top_level_sec,29,60,23,34,1885,401
pmc_000001::chunk_00030,pmc_000001,semantic_section,section_recursive_over_512,PMC000xxxxxx/PMC176545.xml,The Transcriptome of the Intraerythrocytic Developmental Cycle of Plasmodium falciparum,Results,1,xml_top_level_sec,30,60,24,34,1590,400
pmc_000001::chunk_00031,pmc_000001,semantic_section,section_recursive_over_512,PMC000xxxxxx/PMC176545.xml,The Transcriptome of the Intraerythrocytic Developmental Cycle of Plasmodium falciparum,Results,1,xml_top_level_sec,31,60,25,34,1723,399
pmc_000001::chunk_00032,pmc_000001,semantic_section,section_recursive_over_512,PMC000xxxxxx/PMC176545.xml,The Transcriptome of the Intraerythrocytic Developmental Cycle of Plasmodium falciparum,Results,1,xml_top_level_sec,32,60,26,34,1590,381
pmc_000001::chunk_00033,pmc_000001,semantic_section,section_recursive_over_512,PMC000xxxxxx/PMC176545.xml,The Transcriptome of the Intraerythrocytic Developmental Cycle of Plasmodium falciparum,Results,1,xml_top_level_sec,33,60,27,34,1593,371
pmc_000001::chunk_00034,pmc_000001,semantic_section,section_recursive_over_512,PMC000xxxxxx/PMC176545.xml,The Transcriptome of the Intraerythrocytic Developmental Cycle of Plasmodium falciparum,Results,1,xml_top_level_sec,34,60,28,34,1529,392
pmc_000001::chunk_00035,pmc_000001,semantic_section,section_recursive_over_512,PMC000xxxxxx/PMC176545.xml,The Transcriptome of the Intraerythrocytic Developmental Cycle of Plasmodium falciparum,Results,1,xml_top_level_sec,35,60,29,34,1525,383
pmc_000001::chunk_00036,pmc_000001,semantic_section,section_recursive_over_512,PMC000xxxxxx/PMC176545.xml,The Transcriptome of the Intraerythrocytic Developmental Cycle of Plasmodium falciparum,Results,1,xml_top_level_sec,36,60,30,34,1482,393
pmc_000001::chunk_00037,pmc_000001,semantic_section,section_recursive_over_512,PMC000xxxxxx/PMC176545.xml,The Transcriptome of the Intraerythrocytic Developmental Cycle of Plasmodium falciparum,Results,1,xml_top_level_sec,37,60,31,34,1798,375
pmc_000001::chunk_00038,pmc_000001,semantic_section,section_recursive_over_512,PMC000xxxxxx/PMC176545.xml,The Transcriptome of the Intraerythrocytic Developmental Cycle of Plasmodium falciparum,Results,1,xml_top_level_sec,38,60,32,34,1642,392
pmc_000001::chunk_00039,pmc_000001,semantic_section,section_recursive_over_512,PMC000xxxxxx/PMC176545.xml,The Transcriptome of the Intraerythrocytic Developmental Cycle of Plasmodium falciparum,Results,1,xml_top_level_sec,39,60,33,34,1645,368
pmc_000001::chunk_00040,pmc_000001,semantic_section,section_recursive_over_512,PMC000xxxxxx/PMC176545.xml,The Transcriptome of the Intraerythrocytic Developmental Cycle of Plasmodium falciparum,Discussion,2,xml_top_level_sec,40,60,0,6,10,3
pmc_000001::chunk_00041,pmc_000001,semantic_section,section_recursive_over_512,PMC000xxxxxx/PMC176545.xml,The Transcriptome of the Intraerythrocytic Developmental Cycle of Plasmodium falciparum,Discussion,2,xml_top_level_sec,41,60,1,6,1832,389
pmc_000001::chunk_00042,pmc_000001,semantic_section,section_recursive_over_512,PMC000xxxxxx/PMC176545.xml,The Transcriptome of the Intraerythrocytic Developmental Cycle of Plasmodium falciparum,Discussion,2,xml_top_level_sec,42,60,2,6,2032,401
pmc_000001::chunk_00043,pmc_000001,semantic_section,section_recursive_over_512,PMC000xxxxxx/PMC176545.xml,The Transcriptome of the Intraerythrocytic Developmental Cycle of Plasmodium falciparum,Discussion,2,xml_top_level_sec,43,60,3,6,1760,377
pmc_000001::chunk_00044,pmc_000001,semantic_section,section_recursive_over_512,PMC000xxxxxx/PMC176545.xml,The Transcriptome of the Intraerythrocytic Developmental Cycle of Plasmodium falciparum,Discussion,2,xml_top_level_sec,44,60,4,6,1884,377
pmc_000001::chunk_00045,pmc_000001,semantic_section,section_recursive_over_512,PMC000xxxxxx/PMC176545.xml,The Transcriptome of the Intraerythrocytic Developmental Cycle of Plasmodium falciparum,Discussion,2,xml_top_level_sec,45,60,5,6,664,144
pmc_000001::chunk_00046,pmc_000001,semantic_section,section_recursive_over_512,PMC000xxxxxx/PMC176545.xml,The Transcriptome of the Intraerythrocytic Developmental Cycle of Plasmodium falciparum,Materials and Methods,3,xml_top_level_sec,46,60,0,8,21,5
pmc_000001::chunk_00047,pmc_000001,semantic_section,section_recursive_over_512,PMC000xxxxxx/PMC176545.xml,The Transcriptome of the Intraerythrocytic Developmental Cycle of Plasmodium falciparum,Materials and Methods,3,xml_top_level_sec,47,60,1,8,1372,372
pmc_000001::chunk_00048,pmc_000001,semantic_section,section_recursive_over_512,PMC000xxxxxx/PMC176545.xml,The Transcriptome of the Intraerythrocytic Developmental Cycle of Plasmodium falciparum,Materials and Methods,3,xml_top_level_sec,48,60,2,8,1700,382
pmc_000001::chunk_00049,pmc_000001,semantic_section,section_recursive_over_512,PMC000xxxxxx/PMC176545.xml,The Transcriptome of the Intraerythrocytic Developmental Cycle of Plasmodium falciparum,Materials and Methods,3,xml_top_level_sec,49,60,3,8,1685,382
pmc_000001::chunk_00050,pmc_000001,semantic_section,section_recursive_over_512,PMC000xxxxxx/PMC176545.xml,The Transcriptome of the Intraerythrocytic Developmental Cycle of Plasmodium falciparum,Materials and Methods,3,xml_top_level_sec,50,60,4,8,1658,390
pmc_000001::chunk_00051,pmc_000001,semantic_section,section_recursive_over_512,PMC000xxxxxx/PMC176545.xml,The Transcriptome of the Intraerythrocytic Developmental Cycle of Plasmodium falciparum,Materials and Methods,3,xml_top_level_sec,51,60,5,8,1659,392
pmc_000001::chunk_00052,pmc_000001,semantic_section,section_recursive_over_512,PMC000xxxxxx/PMC176545.xml,The Transcriptome of the Intraerythrocytic Developmental Cycle of Plasmodium falciparum,Materials and Methods,3,xml_top_level_sec,52,60,6,8,1528,359
pmc_000001::chunk_00053,pmc_000001,semantic_section,section_recursive_over_512,PMC000xxxxxx/PMC176545.xml,The Transcriptome of the Intraerythrocytic Developmental Cycle of Plasmodium falciparum,Materials and Methods,3,xml_top_level_sec,53,60,7,8,570,143
pmc_000001::chunk_00054,pmc_000001,semantic_section,section_recursive_over_512,PMC000xxxxxx/PMC176545.xml,The Transcriptome of the Intraerythrocytic Developmental Cycle of Plasmodium falciparum,Supporting Information,4,xml_top_level_sec,54,60,0,6,22,4
pmc_000001::chunk_00055,pmc_000001,semantic_section,section_recursive_over_512,PMC000xxxxxx/PMC176545.xml,The Transcriptome of the Intraerythrocytic Developmental Cycle of Plasmodium falciparum,Supporting Information,4,xml_top_level_sec,55,60,1,6,1676,400
pmc_000001::chunk_00056,pmc_000001,semantic_section,section_recursive_over_512,PMC000xxxxxx/PMC176545.xml,The Transcriptome of the Intraerythrocytic Developmental Cycle of Plasmodium falciparum,Supporting Information,4,xml_top_level_sec,56,60,2,6,1543,384
pmc_000001::chunk_00057,pmc_000001,semantic_section,section_recursive_over_512,PMC000xxxxxx/PMC176545.xml,The Transcriptome of the Intraerythrocytic Developmental Cycle of Plasmodium falciparum,Supporting Information,4,xml_top_level_sec,57,60,3,6,1637,394
pmc_000001::chunk_00058,pmc_000001,semantic_section,section_recursive_over_512,PMC000xxxxxx/PMC176545.xml,The Transcriptome of the Intraerythrocytic Developmental Cycle of Plasmodium falciparum,Supporting Information,4,xml_top_level_sec,58,60,4,6,1616,385
pmc_000001::chunk_00059,pmc_000001,semantic_section,section_recursive_over_512,PMC000xxxxxx/PMC176545.xml,The Transcriptome of the Intraerythrocytic Developmental Cycle of Plasmodium falciparum,Supporting Information,4,xml_top_level_sec,59,60,5,6,498,125
pmc_000002::chunk_00000,pmc_000002,semantic_section,section_whole_under_512,PMC000xxxxxx/PMC176546.xml,DNA Analysis Indicates That Asian Elephants Are Native to Borneo and Are Therefore a High Priority for Conservation,Title and abstract,-1,record_title_abstract,0,21,0,1,1517,274
pmc_000002::chunk_00001,pmc_000002,semantic_section,section_recursive_over_512,PMC000xxxxxx/PMC176546.xml,DNA Analysis Indicates That Asian Elephants Are Native to Borneo and Are Therefore a High Priority for Conservation,Introduction,0,xml_top_level_sec,1,21,0,3,12,3
pmc_000002::chunk_00002,pmc_000002,semantic_section,section_recursive_over_512,PMC000xxxxxx/PMC176546.xml,DNA Analysis Indicates That Asian Elephants Are Native to Borneo and Are Therefore a High Priority for Conservation,Introduction,0,xml_top_level_sec,2,21,1,3,1946,382
pmc_000002::chunk_00003,pmc_000002,semantic_section,section_recursive_over_512,PMC000xxxxxx/PMC176546.xml,DNA Analysis Indicates That Asian Elephants Are Native to Borneo and Are Therefore a High Priority for Conservation,Introduction,0,xml_top_level_sec,3,21,2,3,1705,358
pmc_000002::chunk_00004,pmc_000002,semantic_section,section_recursive_over_512,PMC000xxxxxx/PMC176546.xml,DNA Analysis Indicates That Asian Elephants Are Native to Borneo and Are Therefore a High Priority for Conservation,Results,1,xml_top_level_sec,4,21,0,6,7,3
pmc_000002::chunk_00005,pmc_000002,semantic_section,section_recursive_over_512,PMC000xxxxxx/PMC176546.xml,DNA Analysis Indicates That Asian Elephants Are Native to Borneo and Are Therefore a High Priority for Conservation,Results,1,xml_top_level_sec,5,21,1,6,1581,398
pmc_000002::chunk_00006,pmc_000002,semantic_section,section_recursive_over_512,PMC000xxxxxx/PMC176546.xml,DNA Analysis Indicates That Asian Elephants Are Native to Borneo and Are Therefore a High Priority for Conservation,Results,1,xml_top_level_sec,6,21,2,6,1699,379
pmc_000002::chunk_00007,pmc_000002,semantic_section,section_recursive_over_512,PMC000xxxxxx/PMC176546.xml,DNA Analysis Indicates That Asian Elephants Are Native to Borneo and Are Therefore a High Priority for Conservation,Results,1,xml_top_level_sec,7,21,3,6,1221,382
pmc_000002::chunk_00008,pmc_000002,semantic_section,section_recursive_over_512,PMC000xxxxxx/PMC176546.xml,DNA Analysis Indicates That Asian Elephants Are Native to Borneo and Are Therefore a High Priority for Conservation,Results,1,xml_top_level_sec,8,21,4,6,1471,345
pmc_000002::chunk_00009,pmc_000002,semantic_section,section_recursive_over_512,PMC000xxxxxx/PMC176546.xml,DNA Analysis Indicates That Asian Elephants Are Native to Borneo and Are Therefore a High Priority for Conservation,Results,1,xml_top_level_sec,9,21,5,6,952,224
pmc_000002::chunk_00010,pmc_000002,semantic_section,section_recursive_over_512,PMC000xxxxxx/PMC176546.xml,DNA Analysis Indicates That Asian Elephants Are Native to Borneo and Are Therefore a High Priority for Conservation,Discussion,2,xml_top_level_sec,10,21,0,5,10,3
pmc_000002::chunk_00011,pmc_000002,semantic_section,section_recursive_over_512,PMC000xxxxxx/PMC176546.xml,DNA Analysis Indicates That Asian Elephants Are Native to Borneo and Are Therefore a High Priority for Conservation,Discussion,2,xml_top_level_sec,11,21,1,5,1816,381
pmc_000002::chunk_00012,pmc_000002,semantic_section,section_recursive_over_512,PMC000xxxxxx/PMC176546.xml,DNA Analysis Indicates That Asian Elephants Are Native to Borneo and Are Therefore a High Priority for Conservation,Discussion,2,xml_top_level_sec,12,21,2,5,1953,393
pmc_000002::chunk_00013,pmc_000002,semantic_section,section_recursive_over_512,PMC000xxxxxx/PMC176546.xml,DNA Analysis Indicates That Asian Elephants Are Native to Borneo and Are Therefore a High Priority for Conservation,Discussion,2,xml_top_level_sec,13,21,3,5,1883,357
pmc_000002::chunk_00014,pmc_000002,semantic_section,section_recursive_over_512,PMC000xxxxxx/PMC176546.xml,DNA Analysis Indicates That Asian Elephants Are Native to Borneo and Are Therefore a High Priority for Conservation,Discussion,2,xml_top_level_sec,14,21,4,5,1140,230
pmc_000002::chunk_00015,pmc_000002,semantic_section,section_recursive_over_512,PMC000xxxxxx/PMC176546.xml,DNA Analysis Indicates That Asian Elephants Are Native to Borneo and Are Therefore a High Priority for Conservation,Materials and Methods,3,xml_top_level_sec,15,21,0,5,21,5
pmc_000002::chunk_00016,pmc_000002,semantic_section,section_recursive_over_512,PMC000xxxxxx/PMC176546.xml,DNA Analysis Indicates That Asian Elephants Are Native to Borneo and Are Therefore a High Priority for Conservation,Materials and Methods,3,xml_top_level_sec,16,21,1,5,1531,387
pmc_000002::chunk_00017,pmc_000002,semantic_section,section_recursive_over_512,PMC000xxxxxx/PMC176546.xml,DNA Analysis Indicates That Asian Elephants Are Native to Borneo and Are Therefore a High Priority for Conservation,Materials and Methods,3,xml_top_level_sec,17,21,2,5,1433,337
pmc_000002::chunk_00018,pmc_000002,semantic_section,section_recursive_over_512,PMC000xxxxxx/PMC176546.xml,DNA Analysis Indicates That Asian Elephants Are Native to Borneo and Are Therefore a High Priority for Conservation,Materials and Methods,3,xml_top_level_sec,18,21,3,5,1592,402
pmc_000002::chunk_00019,pmc_000002,semantic_section,section_recursive_over_512,PMC000xxxxxx/PMC176546.xml,DNA Analysis Indicates That Asian Elephants Are Native to Borneo and Are Therefore a High Priority for Conservation,Materials and Methods,3,xml_top_level_sec,19,21,4,5,1267,260
pmc_000002::chunk_00020,pmc_000002,semantic_section,section_whole_under_512,PMC000xxxxxx/PMC176546.xml,DNA Analysis Indicates That Asian Elephants Are Native to Borneo and Are Therefore a High Priority for Conservation,Supporting Information,4,xml_top_level_sec,20,21,0,1,151,38
pmc_000003::chunk_00000,pmc_000003,whole_document_under_512,whole_document,PMC000xxxxxx/PMC176547.xml,Borneo Elephants: A High Priority for Conservation,Whole document,0,whole_document_under_512,0,1,0,1,1925,347
pmc_000004::chunk_00000,pmc_000004,recursive_fallback_no_section,recursive_fulltext_no_section,PMC000xxxxxx/PMC176548.xml,Monitoring Malaria: Genomic Activity of the Parasite in Human Blood Cells,Full text fallback,0,no_section_recursive_fallback,0,3,0,3,73,15
pmc_000004::chunk_00001,pmc_000004,recursive_fallback_no_section,recursive_fulltext_no_section,PMC000xxxxxx/PMC176548.xml,Monitoring Malaria: Genomic Activity of the Parasite in Human Blood Cells,Full text fallback,0,no_section_recursive_fallback,1,3,1,3,1694,378
pmc_000004::chunk_00002,pmc_000004,recursive_fallback_no_section,recursive_fulltext_no_section,PMC000xxxxxx/PMC176548.xml,Monitoring Malaria: Genomic Activity of the Parasite in Human Blood Cells,Full text fallback,0,no_section_recursive_fallback,2,3,2,3,1302,277
pmc_000005::chunk_00000,pmc_000005,semantic_section,section_whole_under_512,PMC000xxxxxx/PMC193604.xml,Drosophila Free-Running Rhythms Require Intercellular Communication,Title and abstract,-1,record_title_abstract,0,30,0,1,2405,485
pmc_000005::chunk_00001,pmc_000005,semantic_section,section_recursive_over_512,PMC000xxxxxx/PMC193604.xml,Drosophila Free-Running Rhythms Require Intercellular Communication,Introduction,0,xml_top_level_sec,1,30,0,4,12,3
pmc_000005::chunk_00002,pmc_000005,semantic_section,section_recursive_over_512,PMC000xxxxxx/PMC193604.xml,Drosophila Free-Running Rhythms Require Intercellular Communication,Introduction,0,xml_top_level_sec,2,30,1,4,1623,383
pmc_000005::chunk_00003,pmc_000005,semantic_section,section_recursive_over_512,PMC000xxxxxx/PMC193604.xml,Drosophila Free-Running Rhythms Require Intercellular Communication,Introduction,0,xml_top_level_sec,3,30,2,4,1550,370
pmc_000005::chunk_00004,pmc_000005,semantic_section,section_recursive_over_512,PMC000xxxxxx/PMC193604.xml,Drosophila Free-Running Rhythms Require Intercellular Communication,Introduction,0,xml_top_level_sec,4,30,3,4,769,185
pmc_000005::chunk_00005,pmc_000005,semantic_section,section_recursive_over_512,PMC000xxxxxx/PMC193604.xml,Drosophila Free-Running Rhythms Require Intercellular Communication,Results,1,xml_top_level_sec,5,30,0,14,7,3
pmc_000005::chunk_00006,pmc_000005,semantic_section,section_recursive_over_512,PMC000xxxxxx/PMC193604.xml,Drosophila Free-Running Rhythms Require Intercellular Communication,Results,1,xml_top_level_sec,6,30,1,14,1438,357
pmc_000005::chunk_00007,pmc_000005,semantic_section,section_recursive_over_512,PMC000xxxxxx/PMC193604.xml,Drosophila Free-Running Rhythms Require Intercellular Communication,Results,1,xml_top_level_sec,7,30,2,14,1567,399
pmc_000005::chunk_00008,pmc_000005,semantic_section,section_recursive_over_512,PMC000xxxxxx/PMC193604.xml,Drosophila Free-Running Rhythms Require Intercellular Communication,Results,1,xml_top_level_sec,8,30,3,14,1400,386
pmc_000005::chunk_00009,pmc_000005,semantic_section,section_recursive_over_512,PMC000xxxxxx/PMC193604.xml,Drosophila Free-Running Rhythms Require Intercellular Communication,Results,1,xml_top_level_sec,9,30,4,14,1808,390
pmc_000005::chunk_00010,pmc_000005,semantic_section,section_recursive_over_512,PMC000xxxxxx/PMC193604.xml,Drosophila Free-Running Rhythms Require Intercellular Communication,Results,1,xml_top_level_sec,10,30,5,14,1692,386
pmc_000005::chunk_00011,pmc_000005,semantic_section,section_recursive_over_512,PMC000xxxxxx/PMC193604.xml,Drosophila Free-Running Rhythms Require Intercellular Communication,Results,1,xml_top_level_sec,11,30,6,14,1669,375
pmc_000005::chunk_00012,pmc_000005,semantic_section,section_recursive_over_512,PMC000xxxxxx/PMC193604.xml,Drosophila Free-Running Rhythms Require Intercellular Communication,Results,1,xml_top_level_sec,12,30,7,14,1740,387
pmc_000005::chunk_00013,pmc_000005,semantic_section,section_recursive_over_512,PMC000xxxxxx/PMC193604.xml,Drosophila Free-Running Rhythms Require Intercellular Communication,Results,1,xml_top_level_sec,13,30,8,14,1562,401
pmc_000005::chunk_00014,pmc_000005,semantic_section,section_recursive_over_512,PMC000xxxxxx/PMC193604.xml,Drosophila Free-Running Rhythms Require Intercellular Communication,Results,1,xml_top_level_sec,14,30,9,14,1686,369
pmc_000005::chunk_00015,pmc_000005,semantic_section,section_recursive_over_512,PMC000xxxxxx/PMC193604.xml,Drosophila Free-Running Rhythms Require Intercellular Communication,Results,1,xml_top_level_sec,15,30,10,14,1743,399
pmc_000005::chunk_00016,pmc_000005,semantic_section,section_recursive_over_512,PMC000xxxxxx/PMC193604.xml,Drosophila Free-Running Rhythms Require Intercellular Communication,Results,1,xml_top_level_sec,16,30,11,14,1745,397
pmc_000005::chunk_00017,pmc_000005,semantic_section,section_recursive_over_512,PMC000xxxxxx/PMC193604.xml,Drosophila Free-Running Rhythms Require Intercellular Communication,Results,1,xml_top_level_sec,17,30,12,14,1662,379
pmc_000005::chunk_00018,pmc_000005,semantic_section,section_recursive_over_512,PMC000xxxxxx/PMC193604.xml,Drosophila Free-Running Rhythms Require Intercellular Communication,Results,1,xml_top_level_sec,18,30,13,14,1423,353
pmc_000005::chunk_00019,pmc_000005,semantic_section,section_recursive_over_512,PMC000xxxxxx/PMC193604.xml,Drosophila Free-Running Rhythms Require Intercellular Communication,Discussion,2,xml_top_level_sec,19,30,0,5,10,3
pmc_000005::chunk_00020,pmc_000005,semantic_section,section_recursive_over_512,PMC000xxxxxx/PMC193604.xml,Drosophila Free-Running Rhythms Require Intercellular Communication,Discussion,2,xml_top_level_sec,20,30,1,5,1883,400
pmc_000005::chunk_00021,pmc_000005,semantic_section,section_recursive_over_512,PMC000xxxxxx/PMC193604.xml,Drosophila Free-Running Rhythms Require Intercellular Communication,Discussion,2,xml_top_level_sec,21,30,2,5,1805,391
pmc_000005::chunk_00022,pmc_000005,semantic_section,section_recursive_over_512,PMC000xxxxxx/PMC193604.xml,Drosophila Free-Running Rhythms Require Intercellular Communication,Discussion,2,xml_top_level_sec,22,30,3,5,1890,397
pmc_000005::chunk_00023,pmc_000005,semantic_section,section_recursive_over_512,PMC000xxxxxx/PMC193604.xml,Drosophila Free-Running Rhythms Require Intercellular Communication,Discussion,2,xml_top_level_sec,23,30,4,5,917,188
pmc_000005::chunk_00024,pmc_000005,semantic_section,section_recursive_over_512,PMC000xxxxxx/PMC193604.xml,Drosophila Free-Running Rhythms Require Intercellular Communication,Materials and Methods,3,xml_top_level_sec,24,30,0,5,21,5
pmc_000005::chunk_00025,pmc_000005,semantic_section,section_recursive_over_512,PMC000xxxxxx/PMC193604.xml,Drosophila Free-Running Rhythms Require Intercellular Communication,Materials and Methods,3,xml_top_level_sec,25,30,1,5,1575,396
pmc_000005::chunk_00026,pmc_000005,semantic_section,section_recursive_over_512,PMC000xxxxxx/PMC193604.xml,Drosophila Free-Running Rhythms Require Intercellular Communication,Materials and Methods,3,xml_top_level_sec,26,30,2,5,1693,386
pmc_000005::chunk_00027,pmc_000005,semantic_section,section_recursive_over_512,PMC000xxxxxx/PMC193604.xml,Drosophila Free-Running Rhythms Require Intercellular Communication,Materials and Methods,3,xml_top_level_sec,27,30,3,5,1370,378
pmc_000005::chunk_00028,pmc_000005,semantic_section,section_recursive_over_512,PMC000xxxxxx/PMC193604.xml,Drosophila Free-Running Rhythms Require Intercellular Communication,Materials and Methods,3,xml_top_level_sec,28,30,4,5,425,102
pmc_000005::chunk_00029,pmc_000005,semantic_section,section_whole_under_512,PMC000xxxxxx/PMC193604.xml,Drosophila Free-Running Rhythms Require Intercellular Communication,Supporting Information,4,xml_top_level_sec,29,30,0,1,1022,280
pmc_000006::chunk_00000,pmc_000006,semantic_section,section_whole_under_512,PMC000xxxxxx/PMC193605.xml,From Gene Trees to Organismal Phylogeny in Prokaryotes:The Case of the γ-Proteobacteria,Title and abstract,-1,record_title_abstract,0,35,0,1,1863,384
pmc_000006::chunk_00001,pmc_000006,semantic_section,section_recursive_over_512,PMC000xxxxxx/PMC193605.xml,From Gene Trees to Organismal Phylogeny in Prokaryotes:The Case of the γ-Proteobacteria,Introduction,0,xml_top_level_sec,1,35,0,6,12,3
pmc_000006::chunk_00002,pmc_000006,semantic_section,section_recursive_over_512,PMC000xxxxxx/PMC193605.xml,From Gene Trees to Organismal Phylogeny in Prokaryotes:The Case of the γ-Proteobacteria,Introduction,0,xml_top_level_sec,2,35,1,6,1922,390
pmc_000006::chunk_00003,pmc_000006,semantic_section,section_recursive_over_512,PMC000xxxxxx/PMC193605.xml,From Gene Trees to Organismal Phylogeny in Prokaryotes:The Case of the γ-Proteobacteria,Introduction,0,xml_top_level_sec,3,35,2,6,1747,389
pmc_000006::chunk_00004,pmc_000006,semantic_section,section_recursive_over_512,PMC000xxxxxx/PMC193605.xml,From Gene Trees to Organismal Phylogeny in Prokaryotes:The Case of the γ-Proteobacteria,Introduction,0,xml_top_level_sec,4,35,3,6,1791,371
pmc_000006::chunk_00005,pmc_000006,semantic_section,section_recursive_over_512,PMC000xxxxxx/PMC193605.xml,From Gene Trees to Organismal Phylogeny in Prokaryotes:The Case of the γ-Proteobacteria,Introduction,0,xml_top_level_sec,5,35,4,6,1787,389
pmc_000006::chunk_00006,pmc_000006,semantic_section,section_recursive_over_512,PMC000xxxxxx/PMC193605.xml,From Gene Trees to Organismal Phylogeny in Prokaryotes:The Case of the γ-Proteobacteria,Introduction,0,xml_top_level_sec,6,35,5,6,559,120
pmc_000006::chunk_00007,pmc_000006,semantic_section,section_recursive_over_512,PMC000xxxxxx/PMC193605.xml,From Gene Trees to Organismal Phylogeny in Prokaryotes:The Case of the γ-Proteobacteria,Results,1,xml_top_level_sec,7,35,0,11,7,3
pmc_000006::chunk_00008,pmc_000006,semantic_section,section_recursive_over_512,PMC000xxxxxx/PMC193605.xml,From Gene Trees to Organismal Phylogeny in Prokaryotes:The Case of the γ-Proteobacteria,Results,1,xml_top_level_sec,8,35,1,11,1550,342
pmc_000006::chunk_00009,pmc_000006,semantic_section,section_recursive_over_512,PMC000xxxxxx/PMC193605.xml,From Gene Trees to Organismal Phylogeny in Prokaryotes:The Case of the γ-Proteobacteria,Results,1,xml_top_level_sec,9,35,2,11,1345,360
pmc_000006::chunk_00010,pmc_000006,semantic_section,section_recursive_over_512,PMC000xxxxxx/PMC193605.xml,From Gene Trees to Organismal Phylogeny in Prokaryotes:The Case of the γ-Proteobacteria,Results,1,xml_top_level_sec,10,35,3,11,1629,379
pmc_000006::chunk_00011,pmc_000006,semantic_section,section_recursive_over_512,PMC000xxxxxx/PMC193605.xml,From Gene Trees to Organismal Phylogeny in Prokaryotes:The Case of the γ-Proteobacteria,Results,1,xml_top_level_sec,11,35,4,11,1589,363
pmc_000006::chunk_00012,pmc_000006,semantic_section,section_recursive_over_512,PMC000xxxxxx/PMC193605.xml,From Gene Trees to Organismal Phylogeny in Prokaryotes:The Case of the γ-Proteobacteria,Results,1,xml_top_level_sec,12,35,5,11,1568,352
pmc_000006::chunk_00013,pmc_000006,semantic_section,section_recursive_over_512,PMC000xxxxxx/PMC193605.xml,From Gene Trees to Organismal Phylogeny in Prokaryotes:The Case of the γ-Proteobacteria,Results,1,xml_top_level_sec,13,35,6,11,1673,388
pmc_000006::chunk_00014,pmc_000006,semantic_section,section_recursive_over_512,PMC000xxxxxx/PMC193605.xml,From Gene Trees to Organismal Phylogeny in Prokaryotes:The Case of the γ-Proteobacteria,Results,1,xml_top_level_sec,14,35,7,11,1517,363
pmc_000006::chunk_00015,pmc_000006,semantic_section,section_recursive_over_512,PMC000xxxxxx/PMC193605.xml,From Gene Trees to Organismal Phylogeny in Prokaryotes:The Case of the γ-Proteobacteria,Results,1,xml_top_level_sec,15,35,8,11,1874,398
pmc_000006::chunk_00016,pmc_000006,semantic_section,section_recursive_over_512,PMC000xxxxxx/PMC193605.xml,From Gene Trees to Organismal Phylogeny in Prokaryotes:The Case of the γ-Proteobacteria,Results,1,xml_top_level_sec,16,35,9,11,1487,374
pmc_000006::chunk_00017,pmc_000006,semantic_section,section_recursive_over_512,PMC000xxxxxx/PMC193605.xml,From Gene Trees to Organismal Phylogeny in Prokaryotes:The Case of the γ-Proteobacteria,Results,1,xml_top_level_sec,17,35,10,11,601,144
pmc_000006::chunk_00018,pmc_000006,semantic_section,section_recursive_over_512,PMC000xxxxxx/PMC193605.xml,From Gene Trees to Organismal Phylogeny in Prokaryotes:The Case of the γ-Proteobacteria,Discussion,2,xml_top_level_sec,18,35,0,8,10,3
pmc_000006::chunk_00019,pmc_000006,semantic_section,section_recursive_over_512,PMC000xxxxxx/PMC193605.xml,From Gene Trees to Organismal Phylogeny in Prokaryotes:The Case of the γ-Proteobacteria,Discussion,2,xml_top_level_sec,19,35,1,8,1816,399
pmc_000006::chunk_00020,pmc_000006,semantic_section,section_recursive_over_512,PMC000xxxxxx/PMC193605.xml,From Gene Trees to Organismal Phylogeny in Prokaryotes:The Case of the γ-Proteobacteria,Discussion,2,xml_top_level_sec,20,35,2,8,1743,402
pmc_000006::chunk_00021,pmc_000006,semantic_section,section_recursive_over_512,PMC000xxxxxx/PMC193605.xml,From Gene Trees to Organismal Phylogeny in Prokaryotes:The Case of the γ-Proteobacteria,Discussion,2,xml_top_level_sec,21,35,3,8,1599,368
pmc_000006::chunk_00022,pmc_000006,semantic_section,section_recursive_over_512,PMC000xxxxxx/PMC193605.xml,From Gene Trees to Organismal Phylogeny in Prokaryotes:The Case of the γ-Proteobacteria,Discussion,2,xml_top_level_sec,22,35,4,8,1860,384
pmc_000006::chunk_00023,pmc_000006,semantic_section,section_recursive_over_512,PMC000xxxxxx/PMC193605.xml,From Gene Trees to Organismal Phylogeny in Prokaryotes:The Case of the γ-Proteobacteria,Discussion,2,xml_top_level_sec,23,35,5,8,1909,381
pmc_000006::chunk_00024,pmc_000006,semantic_section,section_recursive_over_512,PMC000xxxxxx/PMC193605.xml,From Gene Trees to Organismal Phylogeny in Prokaryotes:The Case of the γ-Proteobacteria,Discussion,2,xml_top_level_sec,24,35,6,8,1823,371
pmc_000006::chunk_00025,pmc_000006,semantic_section,section_recursive_over_512,PMC000xxxxxx/PMC193605.xml,From Gene Trees to Organismal Phylogeny in Prokaryotes:The Case of the γ-Proteobacteria,Discussion,2,xml_top_level_sec,25,35,7,8,1139,223
pmc_000006::chunk_00026,pmc_000006,semantic_section,section_recursive_over_512,PMC000xxxxxx/PMC193605.xml,From Gene Trees to Organismal Phylogeny in Prokaryotes:The Case of the γ-Proteobacteria,Materials and Methods,3,xml_top_level_sec,26,35,0,8,21,5
pmc_000006::chunk_00027,pmc_000006,semantic_section,section_recursive_over_512,PMC000xxxxxx/PMC193605.xml,From Gene Trees to Organismal Phylogeny in Prokaryotes:The Case of the γ-Proteobacteria,Materials and Methods,3,xml_top_level_sec,27,35,1,8,1137,380
pmc_000006::chunk_00028,pmc_000006,semantic_section,section_recursive_over_512,PMC000xxxxxx/PMC193605.xml,From Gene Trees to Organismal Phylogeny in Prokaryotes:The Case of the γ-Proteobacteria,Materials and Methods,3,xml_top_level_sec,28,35,2,8,1562,397
pmc_000006::chunk_00029,pmc_000006,semantic_section,section_recursive_over_512,PMC000xxxxxx/PMC193605.xml,From Gene Trees to Organismal Phylogeny in Prokaryotes:The Case of the γ-Proteobacteria,Materials and Methods,3,xml_top_level_sec,29,35,3,8,1792,370
pmc_000006::chunk_00030,pmc_000006,semantic_section,section_recursive_over_512,PMC000xxxxxx/PMC193605.xml,From Gene Trees to Organismal Phylogeny in Prokaryotes:The Case of the γ-Proteobacteria,Materials and Methods,3,xml_top_level_sec,30,35,4,8,1693,377
pmc_000006::chunk_00031,pmc_000006,semantic_section,section_recursive_over_512,PMC000xxxxxx/PMC193605.xml,From Gene Trees to Organismal Phylogeny in Prokaryotes:The Case of the γ-Proteobacteria,Materials and Methods,3,xml_top_level_sec,31,35,5,8,1567,371
pmc_000006::chunk_00032,pmc_000006,semantic_section,section_recursive_over_512,PMC000xxxxxx/PMC193605.xml,From Gene Trees to Organismal Phylogeny in Prokaryotes:The Case of the γ-Proteobacteria,Materials and Methods,3,xml_top_level_sec,32,35,6,8,1653,388
pmc_000006::chunk_00033,pmc_000006,semantic_section,section_recursive_over_512,PMC000xxxxxx/PMC193605.xml,From Gene Trees to Organismal Phylogeny in Prokaryotes:The Case of the γ-Proteobacteria,Materials and Methods,3,xml_top_level_sec,33,35,7,8,758,142
pmc_000006::chunk_00034,pmc_000006,semantic_section,section_whole_under_512,PMC000xxxxxx/PMC193605.xml,From Gene Trees to Organismal Phylogeny in Prokaryotes:The Case of the γ-Proteobacteria,Supporting Information,4,xml_top_level_sec,34,35,0,1,438,149
pmc_000007::chunk_00000,pmc_000007,recursive_fallback_no_section,recursive_fulltext_no_section,PMC000xxxxxx/PMC193606.xml,Biological Clock Depends on Many Parts Working Together,Full text fallback,0,no_section_recursive_fallback,0,3,0,3,55,10
pmc_000007::chunk_00001,pmc_000007,recursive_fallback_no_section,recursive_fulltext_no_section,PMC000xxxxxx/PMC193606.xml,Biological Clock Depends on Many Parts Working Together,Full text fallback,0,no_section_recursive_fallback,1,3,1,3,2127,395
pmc_000007::chunk_00002,pmc_000007,recursive_fallback_no_section,recursive_fulltext_no_section,PMC000xxxxxx/PMC193606.xml,Biological Clock Depends on Many Parts Working Together,Full text fallback,0,no_section_recursive_fallback,2,3,2,3,1142,203
pmc_000008::chunk_00000,pmc_000008,recursive_fallback_no_section,recursive_fulltext_no_section,PMC000xxxxxx/PMC193607.xml,New Genomic Approach Predicts True Evolutionary History of Bacterial Genomes,Full text fallback,0,no_section_recursive_fallback,0,3,0,3,76,15
pmc_000008::chunk_00001,pmc_000008,recursive_fallback_no_section,recursive_fulltext_no_section,PMC000xxxxxx/PMC193607.xml,New Genomic Approach Predicts True Evolutionary History of Bacterial Genomes,Full text fallback,0,no_section_recursive_fallback,1,3,1,3,2191,393
pmc_000008::chunk_00002,pmc_000008,recursive_fallback_no_section,recursive_fulltext_no_section,PMC000xxxxxx/PMC193607.xml,New Genomic Approach Predicts True Evolutionary History of Bacterial Genomes,Full text fallback,0,no_section_recursive_fallback,2,3,2,3,1571,307
pmc_000009::chunk_00000,pmc_000009,semantic_section,section_whole_under_512,PMC000xxxxxx/PMC212319.xml,The Guanine Nucleotide Exchange Factor ARNO mediates the activation of ARF and phospholipase D by insulin,Title and abstract,-1,record_title_abstract,0,29,0,1,1481,369
pmc_000009::chunk_00001,pmc_000009,semantic_section,section_recursive_over_512,PMC000xxxxxx/PMC212319.xml,The Guanine Nucleotide Exchange Factor ARNO mediates the activation of ARF and phospholipase D by insulin,Background,0,xml_top_level_sec,1,29,0,3,10,3
pmc_000009::chunk_00002,pmc_000009,semantic_section,section_recursive_over_512,PMC000xxxxxx/PMC212319.xml,The Guanine Nucleotide Exchange Factor ARNO mediates the activation of ARF and phospholipase D by insulin,Background,0,xml_top_level_sec,2,29,1,3,1383,388
pmc_000009::chunk_00003,pmc_000009,semantic_section,section_recursive_over_512,PMC000xxxxxx/PMC212319.xml,The Guanine Nucleotide Exchange Factor ARNO mediates the activation of ARF and phospholipase D by insulin,Background,0,xml_top_level_sec,3,29,2,3,1469,382
pmc_000009::chunk_00004,pmc_000009,semantic_section,section_recursive_over_512,PMC000xxxxxx/PMC212319.xml,The Guanine Nucleotide Exchange Factor ARNO mediates the activation of ARF and phospholipase D by insulin,Results,1,xml_top_level_sec,4,29,0,8,7,3
pmc_000009::chunk_00005,pmc_000009,semantic_section,section_recursive_over_512,PMC000xxxxxx/PMC212319.xml,The Guanine Nucleotide Exchange Factor ARNO mediates the activation of ARF and phospholipase D by insulin,Results,1,xml_top_level_sec,5,29,1,8,1621,398
pmc_000009::chunk_00006,pmc_000009,semantic_section,section_recursive_over_512,PMC000xxxxxx/PMC212319.xml,The Guanine Nucleotide Exchange Factor ARNO mediates the activation of ARF and phospholipase D by insulin,Results,1,xml_top_level_sec,6,29,2,8,1323,357
pmc_000009::chunk_00007,pmc_000009,semantic_section,section_recursive_over_512,PMC000xxxxxx/PMC212319.xml,The Guanine Nucleotide Exchange Factor ARNO mediates the activation of ARF and phospholipase D by insulin,Results,1,xml_top_level_sec,7,29,3,8,1445,363
pmc_000009::chunk_00008,pmc_000009,semantic_section,section_recursive_over_512,PMC000xxxxxx/PMC212319.xml,The Guanine Nucleotide Exchange Factor ARNO mediates the activation of ARF and phospholipase D by insulin,Results,1,xml_top_level_sec,8,29,4,8,1643,398
pmc_000009::chunk_00009,pmc_000009,semantic_section,section_recursive_over_512,PMC000xxxxxx/PMC212319.xml,The Guanine Nucleotide Exchange Factor ARNO mediates the activation of ARF and phospholipase D by insulin,Results,1,xml_top_level_sec,9,29,5,8,1529,399
pmc_000009::chunk_00010,pmc_000009,semantic_section,section_recursive_over_512,PMC000xxxxxx/PMC212319.xml,The Guanine Nucleotide Exchange Factor ARNO mediates the activation of ARF and phospholipase D by insulin,Results,1,xml_top_level_sec,10,29,6,8,1427,367
pmc_000009::chunk_00011,pmc_000009,semantic_section,section_recursive_over_512,PMC000xxxxxx/PMC212319.xml,The Guanine Nucleotide Exchange Factor ARNO mediates the activation of ARF and phospholipase D by insulin,Results,1,xml_top_level_sec,11,29,7,8,825,236
pmc_000009::chunk_00012,pmc_000009,semantic_section,section_recursive_over_512,PMC000xxxxxx/PMC212319.xml,The Guanine Nucleotide Exchange Factor ARNO mediates the activation of ARF and phospholipase D by insulin,Discussion,2,xml_top_level_sec,12,29,0,7,10,3
pmc_000009::chunk_00013,pmc_000009,semantic_section,section_recursive_over_512,PMC000xxxxxx/PMC212319.xml,The Guanine Nucleotide Exchange Factor ARNO mediates the activation of ARF and phospholipase D by insulin,Discussion,2,xml_top_level_sec,13,29,1,7,1600,349
pmc_000009::chunk_00014,pmc_000009,semantic_section,section_recursive_over_512,PMC000xxxxxx/PMC212319.xml,The Guanine Nucleotide Exchange Factor ARNO mediates the activation of ARF and phospholipase D by insulin,Discussion,2,xml_top_level_sec,14,29,2,7,1583,371
pmc_000009::chunk_00015,pmc_000009,semantic_section,section_recursive_over_512,PMC000xxxxxx/PMC212319.xml,The Guanine Nucleotide Exchange Factor ARNO mediates the activation of ARF and phospholipase D by insulin,Discussion,2,xml_top_level_sec,15,29,3,7,1435,349
pmc_000009::chunk_00016,pmc_000009,semantic_section,section_recursive_over_512,PMC000xxxxxx/PMC212319.xml,The Guanine Nucleotide Exchange Factor ARNO mediates the activation of ARF and phospholipase D by insulin,Discussion,2,xml_top_level_sec,16,29,4,7,1682,382
pmc_000009::chunk_00017,pmc_000009,semantic_section,section_recursive_over_512,PMC000xxxxxx/PMC212319.xml,The Guanine Nucleotide Exchange Factor ARNO mediates the activation of ARF and phospholipase D by insulin,Discussion,2,xml_top_level_sec,17,29,5,7,1904,383
pmc_000009::chunk_00018,pmc_000009,semantic_section,section_recursive_over_512,PMC000xxxxxx/PMC212319.xml,The Guanine Nucleotide Exchange Factor ARNO mediates the activation of ARF and phospholipase D by insulin,Discussion,2,xml_top_level_sec,18,29,6,7,1132,236
pmc_000009::chunk_00019,pmc_000009,semantic_section,section_whole_under_512,PMC000xxxxxx/PMC212319.xml,The Guanine Nucleotide Exchange Factor ARNO mediates the activation of ARF and phospholipase D by insulin,Conclusions,3,xml_top_level_sec,19,29,0,1,928,211
pmc_000009::chunk_00020,pmc_000009,semantic_section,section_whole_under_512,PMC000xxxxxx/PMC212319.xml,The Guanine Nucleotide Exchange Factor ARNO mediates the activation of ARF and phospholipase D by insulin,Cell culture,4,xml_top_level_sec,20,29,0,1,706,177
pmc_000009::chunk_00021,pmc_000009,semantic_section,section_whole_under_512,PMC000xxxxxx/PMC212319.xml,The Guanine Nucleotide Exchange Factor ARNO mediates the activation of ARF and phospholipase D by insulin,Transient Transfection,5,xml_top_level_sec,21,29,0,1,382,103
pmc_000009::chunk_00022,pmc_000009,semantic_section,section_whole_under_512,PMC000xxxxxx/PMC212319.xml,The Guanine Nucleotide Exchange Factor ARNO mediates the activation of ARF and phospholipase D by insulin,Generation of fusion proteins,6,xml_top_level_sec,22,29,0,1,1419,437
pmc_000009::chunk_00023,pmc_000009,semantic_section,section_whole_under_512,PMC000xxxxxx/PMC212319.xml,The Guanine Nucleotide Exchange Factor ARNO mediates the activation of ARF and phospholipase D by insulin,Immunoprecipitation assay,7,xml_top_level_sec,23,29,0,1,822,244
pmc_000009::chunk_00024,pmc_000009,semantic_section,section_whole_under_512,PMC000xxxxxx/PMC212319.xml,The Guanine Nucleotide Exchange Factor ARNO mediates the activation of ARF and phospholipase D by insulin,Immunoblotting,8,xml_top_level_sec,24,29,0,1,546,136
pmc_000009::chunk_00025,pmc_000009,semantic_section,section_whole_under_512,PMC000xxxxxx/PMC212319.xml,The Guanine Nucleotide Exchange Factor ARNO mediates the activation of ARF and phospholipase D by insulin,PLD activity assay,9,xml_top_level_sec,25,29,0,1,879,230
pmc_000009::chunk_00026,pmc_000009,semantic_section,section_whole_under_512,PMC000xxxxxx/PMC212319.xml,The Guanine Nucleotide Exchange Factor ARNO mediates the activation of ARF and phospholipase D by insulin,Digitonin treatment,10,xml_top_level_sec,26,29,0,1,485,134
pmc_000009::chunk_00027,pmc_000009,semantic_section,section_whole_under_512,PMC000xxxxxx/PMC212319.xml,The Guanine Nucleotide Exchange Factor ARNO mediates the activation of ARF and phospholipase D by insulin,In vitro ARF activation assay,11,xml_top_level_sec,27,29,0,1,706,205
pmc_000009::chunk_00028,pmc_000009,semantic_section,section_whole_under_512,PMC000xxxxxx/PMC212319.xml,The Guanine Nucleotide Exchange Factor ARNO mediates the activation of ARF and phospholipase D by insulin,Confocal microscopy,12,xml_top_level_sec,28,29,0,1,1249,308
pmc_000010::chunk_00000,pmc_000010,semantic_section,section_whole_under_512,PMC000xxxxxx/PMC212687.xml,A Functional Analysis of the Spacer of V(D)J Recombination Signal Sequences,Title and abstract,-1,record_title_abstract,0,48,0,1,1867,405
pmc_000010::chunk_00001,pmc_000010,semantic_section,section_recursive_over_512,PMC000xxxxxx/PMC212687.xml,A Functional Analysis of the Spacer of V(D)J Recombination Signal Sequences,Introduction,0,xml_top_level_sec,1,48,0,7,12,3
pmc_000010::chunk_00002,pmc_000010,semantic_section,section_recursive_over_512,PMC000xxxxxx/PMC212687.xml,A Functional Analysis of the Spacer of V(D)J Recombination Signal Sequences,Introduction,0,xml_top_level_sec,2,48,1,7,1445,377
pmc_000010::chunk_00003,pmc_000010,semantic_section,section_recursive_over_512,PMC000xxxxxx/PMC212687.xml,A Functional Analysis of the Spacer of V(D)J Recombination Signal Sequences,Introduction,0,xml_top_level_sec,3,48,2,7,1415,369
pmc_000010::chunk_00004,pmc_000010,semantic_section,section_recursive_over_512,PMC000xxxxxx/PMC212687.xml,A Functional Analysis of the Spacer of V(D)J Recombination Signal Sequences,Introduction,0,xml_top_level_sec,4,48,3,7,1696,381
pmc_000010::chunk_00005,pmc_000010,semantic_section,section_recursive_over_512,PMC000xxxxxx/PMC212687.xml,A Functional Analysis of the Spacer of V(D)J Recombination Signal Sequences,Introduction,0,xml_top_level_sec,5,48,4,7,1753,392
pmc_000010::chunk_00006,pmc_000010,semantic_section,section_recursive_over_512,PMC000xxxxxx/PMC212687.xml,A Functional Analysis of the Spacer of V(D)J Recombination Signal Sequences,Introduction,0,xml_top_level_sec,6,48,5,7,1601,396
pmc_000010::chunk_00007,pmc_000010,semantic_section,section_recursive_over_512,PMC000xxxxxx/PMC212687.xml,A Functional Analysis of the Spacer of V(D)J Recombination Signal Sequences,Introduction,0,xml_top_level_sec,7,48,6,7,949,254
pmc_000010::chunk_00008,pmc_000010,semantic_section,section_recursive_over_512,PMC000xxxxxx/PMC212687.xml,A Functional Analysis of the Spacer of V(D)J Recombination Signal Sequences,Results,1,xml_top_level_sec,8,48,0,20,7,3
pmc_000010::chunk_00009,pmc_000010,semantic_section,section_recursive_over_512,PMC000xxxxxx/PMC212687.xml,A Functional Analysis of the Spacer of V(D)J Recombination Signal Sequences,Results,1,xml_top_level_sec,9,48,1,20,1488,382
pmc_000010::chunk_00010,pmc_000010,semantic_section,section_recursive_over_512,PMC000xxxxxx/PMC212687.xml,A Functional Analysis of the Spacer of V(D)J Recombination Signal Sequences,Results,1,xml_top_level_sec,10,48,2,20,1449,364
pmc_000010::chunk_00011,pmc_000010,semantic_section,section_recursive_over_512,PMC000xxxxxx/PMC212687.xml,A Functional Analysis of the Spacer of V(D)J Recombination Signal Sequences,Results,1,xml_top_level_sec,11,48,3,20,1446,388
pmc_000010::chunk_00012,pmc_000010,semantic_section,section_recursive_over_512,PMC000xxxxxx/PMC212687.xml,A Functional Analysis of the Spacer of V(D)J Recombination Signal Sequences,Results,1,xml_top_level_sec,12,48,4,20,1547,402
pmc_000010::chunk_00013,pmc_000010,semantic_section,section_recursive_over_512,PMC000xxxxxx/PMC212687.xml,A Functional Analysis of the Spacer of V(D)J Recombination Signal Sequences,Results,1,xml_top_level_sec,13,48,5,20,1529,374
pmc_000010::chunk_00014,pmc_000010,semantic_section,section_recursive_over_512,PMC000xxxxxx/PMC212687.xml,A Functional Analysis of the Spacer of V(D)J Recombination Signal Sequences,Results,1,xml_top_level_sec,14,48,6,20,1604,388
pmc_000010::chunk_00015,pmc_000010,semantic_section,section_recursive_over_512,PMC000xxxxxx/PMC212687.xml,A Functional Analysis of the Spacer of V(D)J Recombination Signal Sequences,Results,1,xml_top_level_sec,15,48,7,20,1653,374
pmc_000010::chunk_00016,pmc_000010,semantic_section,section_recursive_over_512,PMC000xxxxxx/PMC212687.xml,A Functional Analysis of the Spacer of V(D)J Recombination Signal Sequences,Results,1,xml_top_level_sec,16,48,8,20,1727,401
pmc_000010::chunk_00017,pmc_000010,semantic_section,section_recursive_over_512,PMC000xxxxxx/PMC212687.xml,A Functional Analysis of the Spacer of V(D)J Recombination Signal Sequences,Results,1,xml_top_level_sec,17,48,9,20,1458,391
pmc_000010::chunk_00018,pmc_000010,semantic_section,section_recursive_over_512,PMC000xxxxxx/PMC212687.xml,A Functional Analysis of the Spacer of V(D)J Recombination Signal Sequences,Results,1,xml_top_level_sec,18,48,10,20,1580,354
pmc_000010::chunk_00019,pmc_000010,semantic_section,section_recursive_over_512,PMC000xxxxxx/PMC212687.xml,A Functional Analysis of the Spacer of V(D)J Recombination Signal Sequences,Results,1,xml_top_level_sec,19,48,11,20,1583,381
pmc_000010::chunk_00020,pmc_000010,semantic_section,section_recursive_over_512,PMC000xxxxxx/PMC212687.xml,A Functional Analysis of the Spacer of V(D)J Recombination Signal Sequences,Results,1,xml_top_level_sec,20,48,12,20,1622,389
pmc_000010::chunk_00021,pmc_000010,semantic_section,section_recursive_over_512,PMC000xxxxxx/PMC212687.xml,A Functional Analysis of the Spacer of V(D)J Recombination Signal Sequences,Results,1,xml_top_level_sec,21,48,13,20,1633,368
pmc_000010::chunk_00022,pmc_000010,semantic_section,section_recursive_over_512,PMC000xxxxxx/PMC212687.xml,A Functional Analysis of the Spacer of V(D)J Recombination Signal Sequences,Results,1,xml_top_level_sec,22,48,14,20,1555,375
pmc_000010::chunk_00023,pmc_000010,semantic_section,section_recursive_over_512,PMC000xxxxxx/PMC212687.xml,A Functional Analysis of the Spacer of V(D)J Recombination Signal Sequences,Results,1,xml_top_level_sec,23,48,15,20,1806,378
pmc_000010::chunk_00024,pmc_000010,semantic_section,section_recursive_over_512,PMC000xxxxxx/PMC212687.xml,A Functional Analysis of the Spacer of V(D)J Recombination Signal Sequences,Results,1,xml_top_level_sec,24,48,16,20,1878,388
pmc_000010::chunk_00025,pmc_000010,semantic_section,section_recursive_over_512,PMC000xxxxxx/PMC212687.xml,A Functional Analysis of the Spacer of V(D)J Recombination Signal Sequences,Results,1,xml_top_level_sec,25,48,17,20,1576,355
pmc_000010::chunk_00026,pmc_000010,semantic_section,section_recursive_over_512,PMC000xxxxxx/PMC212687.xml,A Functional Analysis of the Spacer of V(D)J Recombination Signal Sequences,Results,1,xml_top_level_sec,26,48,18,20,1567,366
pmc_000010::chunk_00027,pmc_000010,semantic_section,section_recursive_over_512,PMC000xxxxxx/PMC212687.xml,A Functional Analysis of the Spacer of V(D)J Recombination Signal Sequences,Results,1,xml_top_level_sec,27,48,19,20,492,118
pmc_000010::chunk_00028,pmc_000010,semantic_section,section_recursive_over_512,PMC000xxxxxx/PMC212687.xml,A Functional Analysis of the Spacer of V(D)J Recombination Signal Sequences,Discussion,2,xml_top_level_sec,28,48,0,13,10,3
pmc_000010::chunk_00029,pmc_000010,semantic_section,section_recursive_over_512,PMC000xxxxxx/PMC212687.xml,A Functional Analysis of the Spacer of V(D)J Recombination Signal Sequences,Discussion,2,xml_top_level_sec,29,48,1,13,1626,373
pmc_000010::chunk_00030,pmc_000010,semantic_section,section_recursive_over_512,PMC000xxxxxx/PMC212687.xml,A Functional Analysis of the Spacer of V(D)J Recombination Signal Sequences,Discussion,2,xml_top_level_sec,30,48,2,13,1611,389
pmc_000010::chunk_00031,pmc_000010,semantic_section,section_recursive_over_512,PMC000xxxxxx/PMC212687.xml,A Functional Analysis of the Spacer of V(D)J Recombination Signal Sequences,Discussion,2,xml_top_level_sec,31,48,3,13,1568,379
pmc_000010::chunk_00032,pmc_000010,semantic_section,section_recursive_over_512,PMC000xxxxxx/PMC212687.xml,A Functional Analysis of the Spacer of V(D)J Recombination Signal Sequences,Discussion,2,xml_top_level_sec,32,48,4,13,1567,392
pmc_000010::chunk_00033,pmc_000010,semantic_section,section_recursive_over_512,PMC000xxxxxx/PMC212687.xml,A Functional Analysis of the Spacer of V(D)J Recombination Signal Sequences,Discussion,2,xml_top_level_sec,33,48,5,13,1814,398
pmc_000010::chunk_00034,pmc_000010,semantic_section,section_recursive_over_512,PMC000xxxxxx/PMC212687.xml,A Functional Analysis of the Spacer of V(D)J Recombination Signal Sequences,Discussion,2,xml_top_level_sec,34,48,6,13,1815,382
pmc_000010::chunk_00035,pmc_000010,semantic_section,section_recursive_over_512,PMC000xxxxxx/PMC212687.xml,A Functional Analysis of the Spacer of V(D)J Recombination Signal Sequences,Discussion,2,xml_top_level_sec,35,48,7,13,1696,390
pmc_000010::chunk_00036,pmc_000010,semantic_section,section_recursive_over_512,PMC000xxxxxx/PMC212687.xml,A Functional Analysis of the Spacer of V(D)J Recombination Signal Sequences,Discussion,2,xml_top_level_sec,36,48,8,13,1688,388
pmc_000010::chunk_00037,pmc_000010,semantic_section,section_recursive_over_512,PMC000xxxxxx/PMC212687.xml,A Functional Analysis of the Spacer of V(D)J Recombination Signal Sequences,Discussion,2,xml_top_level_sec,37,48,9,13,1642,349
pmc_000010::chunk_00038,pmc_000010,semantic_section,section_recursive_over_512,PMC000xxxxxx/PMC212687.xml,A Functional Analysis of the Spacer of V(D)J Recombination Signal Sequences,Discussion,2,xml_top_level_sec,38,48,10,13,1512,316
pmc_000010::chunk_00039,pmc_000010,semantic_section,section_recursive_over_512,PMC000xxxxxx/PMC212687.xml,A Functional Analysis of the Spacer of V(D)J Recombination Signal Sequences,Discussion,2,xml_top_level_sec,39,48,11,13,1724,381
pmc_000010::chunk_00040,pmc_000010,semantic_section,section_recursive_over_512,PMC000xxxxxx/PMC212687.xml,A Functional Analysis of the Spacer of V(D)J Recombination Signal Sequences,Discussion,2,xml_top_level_sec,40,48,12,13,1338,269
pmc_000010::chunk_00041,pmc_000010,semantic_section,section_recursive_over_512,PMC000xxxxxx/PMC212687.xml,A Functional Analysis of the Spacer of V(D)J Recombination Signal Sequences,Materials and Methods,3,xml_top_level_sec,41,48,0,6,21,5
pmc_000010::chunk_00042,pmc_000010,semantic_section,section_recursive_over_512,PMC000xxxxxx/PMC212687.xml,A Functional Analysis of the Spacer of V(D)J Recombination Signal Sequences,Materials and Methods,3,xml_top_level_sec,42,48,1,6,1145,335
pmc_000010::chunk_00043,pmc_000010,semantic_section,section_recursive_over_512,PMC000xxxxxx/PMC212687.xml,A Functional Analysis of the Spacer of V(D)J Recombination Signal Sequences,Materials and Methods,3,xml_top_level_sec,43,48,2,6,1272,333
pmc_000010::chunk_00044,pmc_000010,semantic_section,section_recursive_over_512,PMC000xxxxxx/PMC212687.xml,A Functional Analysis of the Spacer of V(D)J Recombination Signal Sequences,Materials and Methods,3,xml_top_level_sec,44,48,3,6,1190,372
pmc_000010::chunk_00045,pmc_000010,semantic_section,section_recursive_over_512,PMC000xxxxxx/PMC212687.xml,A Functional Analysis of the Spacer of V(D)J Recombination Signal Sequences,Materials and Methods,3,xml_top_level_sec,45,48,4,6,1366,359
pmc_000010::chunk_00046,pmc_000010,semantic_section,section_recursive_over_512,PMC000xxxxxx/PMC212687.xml,A Functional Analysis of the Spacer of V(D)J Recombination Signal Sequences,Materials and Methods,3,xml_top_level_sec,46,48,5,6,956,241
pmc_000010::chunk_00047,pmc_000010,semantic_section,section_whole_under_512,PMC000xxxxxx/PMC212687.xml,A Functional Analysis of the Spacer of V(D)J Recombination Signal Sequences,Supporting Information,4,xml_top_level_sec,47,48,0,1,354,84
pmc_000011::chunk_00000,pmc_000011,recursive_fallback_no_section,recursive_fulltext_no_section,PMC000xxxxxx/PMC212688.xml,Functional Analysis of RSS Spacers,Full text fallback,0,no_section_recursive_fallback,0,4,0,4,34,9
pmc_000011::chunk_00001,pmc_000011,recursive_fallback_no_section,recursive_fulltext_no_section,PMC000xxxxxx/PMC212688.xml,Functional Analysis of RSS Spacers,Full text fallback,0,no_section_recursive_fallback,1,4,1,4,1781,376
pmc_000011::chunk_00002,pmc_000011,recursive_fallback_no_section,recursive_fulltext_no_section,PMC000xxxxxx/PMC212688.xml,Functional Analysis of RSS Spacers,Full text fallback,0,no_section_recursive_fallback,2,4,2,4,1871,399
pmc_000011::chunk_00003,pmc_000011,recursive_fallback_no_section,recursive_fulltext_no_section,PMC000xxxxxx/PMC212688.xml,Functional Analysis of RSS Spacers,Full text fallback,0,no_section_recursive_fallback,3,4,3,4,526,101
pmc_000012::chunk_00000,pmc_000012,semantic_section,section_whole_under_512,PMC000xxxxxx/PMC212689.xml,Genetically Modified Corn— Environmental Benefits and Risks,Title and abstract,-1,record_title_abstract,0,14,0,1,169,29
pmc_000012::chunk_00001,pmc_000012,semantic_section,section_whole_under_512,PMC000xxxxxx/PMC212689.xml,Genetically Modified Corn— Environmental Benefits and Risks,Benefits Emerging,0,xml_top_level_sec,1,14,0,1,2297,458
pmc_000012::chunk_00002,pmc_000012,semantic_section,section_recursive_over_512,PMC000xxxxxx/PMC212689.xml,Genetically Modified Corn— Environmental Benefits and Risks,Risky Business,1,xml_top_level_sec,2,14,0,6,14,4
pmc_000012::chunk_00003,pmc_000012,semantic_section,section_recursive_over_512,PMC000xxxxxx/PMC212689.xml,Genetically Modified Corn— Environmental Benefits and Risks,Risky Business,1,xml_top_level_sec,3,14,1,6,1962,389
pmc_000012::chunk_00004,pmc_000012,semantic_section,section_recursive_over_512,PMC000xxxxxx/PMC212689.xml,Genetically Modified Corn— Environmental Benefits and Risks,Risky Business,1,xml_top_level_sec,4,14,2,6,1795,385
pmc_000012::chunk_00005,pmc_000012,semantic_section,section_recursive_over_512,PMC000xxxxxx/PMC212689.xml,Genetically Modified Corn— Environmental Benefits and Risks,Risky Business,1,xml_top_level_sec,5,14,3,6,2030,395
pmc_000012::chunk_00006,pmc_000012,semantic_section,section_recursive_over_512,PMC000xxxxxx/PMC212689.xml,Genetically Modified Corn— Environmental Benefits and Risks,Risky Business,1,xml_top_level_sec,6,14,4,6,1923,373
pmc_000012::chunk_00007,pmc_000012,semantic_section,section_recursive_over_512,PMC000xxxxxx/PMC212689.xml,Genetically Modified Corn— Environmental Benefits and Risks,Risky Business,1,xml_top_level_sec,7,14,5,6,746,139
pmc_000012::chunk_00008,pmc_000012,semantic_section,section_recursive_over_512,PMC000xxxxxx/PMC212689.xml,Genetically Modified Corn— Environmental Benefits and Risks,Do Risks Differ for Developing Nations?,2,xml_top_level_sec,8,14,0,5,39,9
pmc_000012::chunk_00009,pmc_000012,semantic_section,section_recursive_over_512,PMC000xxxxxx/PMC212689.xml,Genetically Modified Corn— Environmental Benefits and Risks,Do Risks Differ for Developing Nations?,2,xml_top_level_sec,9,14,1,5,2119,401
pmc_000012::chunk_00010,pmc_000012,semantic_section,section_recursive_over_512,PMC000xxxxxx/PMC212689.xml,Genetically Modified Corn— Environmental Benefits and Risks,Do Risks Differ for Developing Nations?,2,xml_top_level_sec,10,14,2,5,1842,381
pmc_000012::chunk_00011,pmc_000012,semantic_section,section_recursive_over_512,PMC000xxxxxx/PMC212689.xml,Genetically Modified Corn— Environmental Benefits and Risks,Do Risks Differ for Developing Nations?,2,xml_top_level_sec,11,14,3,5,1960,382
pmc_000012::chunk_00012,pmc_000012,semantic_section,section_recursive_over_512,PMC000xxxxxx/PMC212689.xml,Genetically Modified Corn— Environmental Benefits and Risks,Do Risks Differ for Developing Nations?,2,xml_top_level_sec,12,14,4,5,2008,367
pmc_000012::chunk_00013,pmc_000012,semantic_section,section_whole_under_512,PMC000xxxxxx/PMC212689.xml,Genetically Modified Corn— Environmental Benefits and Risks,Conclusion,3,xml_top_level_sec,13,14,0,1,1575,293
pmc_000013::chunk_00000,pmc_000013,recursive_fallback_no_section,recursive_fulltext_no_section,PMC000xxxxxx/PMC212690.xml,Out of the Way,Full text fallback,0,no_section_recursive_fallback,0,5,0,5,140,28
pmc_000013::chunk_00001,pmc_000013,recursive_fallback_no_section,recursive_fulltext_no_section,PMC000xxxxxx/PMC212690.xml,Out of the Way,Full text fallback,0,no_section_recursive_fallback,1,5,1,5,1926,373
pmc_000013::chunk_00002,pmc_000013,recursive_fallback_no_section,recursive_fulltext_no_section,PMC000xxxxxx/PMC212690.xml,Out of the Way,Full text fallback,0,no_section_recursive_fallback,2,5,2,5,2007,399
pmc_000013::chunk_00003,pmc_000013,recursive_fallback_no_section,recursive_fulltext_no_section,PMC000xxxxxx/PMC212690.xml,Out of the Way,Full text fallback,0,no_section_recursive_fallback,3,5,3,5,1953,359
pmc_000013::chunk_00004,pmc_000013,recursive_fallback_no_section,recursive_fulltext_no_section,PMC000xxxxxx/PMC212690.xml,Out of the Way,Full text fallback,0,no_section_recursive_fallback,4,5,4,5,1641,328
pmc_000014::chunk_00000,pmc_000014,semantic_section,section_whole_under_512,PMC000xxxxxx/PMC212691.xml,The Roles of APC and Axin Derived from Experimental and Theoretical Analysis of the Wnt Pathway,Title and abstract,-1,record_title_abstract,0,71,0,1,2025,427
pmc_000014::chunk_00001,pmc_000014,semantic_section,section_recursive_over_512,PMC000xxxxxx/PMC212691.xml,The Roles of APC and Axin Derived from Experimental and Theoretical Analysis of the Wnt Pathway,Introduction,0,xml_top_level_sec,1,71,0,6,12,3
pmc_000014::chunk_00002,pmc_000014,semantic_section,section_recursive_over_512,PMC000xxxxxx/PMC212691.xml,The Roles of APC and Axin Derived from Experimental and Theoretical Analysis of the Wnt Pathway,Introduction,0,xml_top_level_sec,2,71,1,6,1936,357
pmc_000014::chunk_00003,pmc_000014,semantic_section,section_recursive_over_512,PMC000xxxxxx/PMC212691.xml,The Roles of APC and Axin Derived from Experimental and Theoretical Analysis of the Wnt Pathway,Introduction,0,xml_top_level_sec,3,71,2,6,1828,395
pmc_000014::chunk_00004,pmc_000014,semantic_section,section_recursive_over_512,PMC000xxxxxx/PMC212691.xml,The Roles of APC and Axin Derived from Experimental and Theoretical Analysis of the Wnt Pathway,Introduction,0,xml_top_level_sec,4,71,3,6,1321,336
pmc_000014::chunk_00005,pmc_000014,semantic_section,section_recursive_over_512,PMC000xxxxxx/PMC212691.xml,The Roles of APC and Axin Derived from Experimental and Theoretical Analysis of the Wnt Pathway,Introduction,0,xml_top_level_sec,5,71,4,6,1935,398
pmc_000014::chunk_00006,pmc_000014,semantic_section,section_recursive_over_512,PMC000xxxxxx/PMC212691.xml,The Roles of APC and Axin Derived from Experimental and Theoretical Analysis of the Wnt Pathway,Introduction,0,xml_top_level_sec,6,71,5,6,1287,236
pmc_000014::chunk_00007,pmc_000014,semantic_section,section_recursive_over_512,PMC000xxxxxx/PMC212691.xml,The Roles of APC and Axin Derived from Experimental and Theoretical Analysis of the Wnt Pathway,Results,1,xml_top_level_sec,7,71,0,43,7,3
pmc_000014::chunk_00008,pmc_000014,semantic_section,section_recursive_over_512,PMC000xxxxxx/PMC212691.xml,The Roles of APC and Axin Derived from Experimental and Theoretical Analysis of the Wnt Pathway,Results,1,xml_top_level_sec,8,71,1,43,1599,398
pmc_000014::chunk_00009,pmc_000014,semantic_section,section_recursive_over_512,PMC000xxxxxx/PMC212691.xml,The Roles of APC and Axin Derived from Experimental and Theoretical Analysis of the Wnt Pathway,Results,1,xml_top_level_sec,9,71,2,43,1636,387
pmc_000014::chunk_00010,pmc_000014,semantic_section,section_recursive_over_512,PMC000xxxxxx/PMC212691.xml,The Roles of APC and Axin Derived from Experimental and Theoretical Analysis of the Wnt Pathway,Results,1,xml_top_level_sec,10,71,3,43,1279,381
pmc_000014::chunk_00011,pmc_000014,semantic_section,section_recursive_over_512,PMC000xxxxxx/PMC212691.xml,The Roles of APC and Axin Derived from Experimental and Theoretical Analysis of the Wnt Pathway,Results,1,xml_top_level_sec,11,71,4,43,1616,396
pmc_000014::chunk_00012,pmc_000014,semantic_section,section_recursive_over_512,PMC000xxxxxx/PMC212691.xml,The Roles of APC and Axin Derived from Experimental and Theoretical Analysis of the Wnt Pathway,Results,1,xml_top_level_sec,12,71,5,43,1743,397
pmc_000014::chunk_00013,pmc_000014,semantic_section,section_recursive_over_512,PMC000xxxxxx/PMC212691.xml,The Roles of APC and Axin Derived from Experimental and Theoretical Analysis of the Wnt Pathway,Results,1,xml_top_level_sec,13,71,6,43,1921,400
pmc_000014::chunk_00014,pmc_000014,semantic_section,section_recursive_over_512,PMC000xxxxxx/PMC212691.xml,The Roles of APC and Axin Derived from Experimental and Theoretical Analysis of the Wnt Pathway,Results,1,xml_top_level_sec,14,71,7,43,1935,361
pmc_000014::chunk_00015,pmc_000014,semantic_section,section_recursive_over_512,PMC000xxxxxx/PMC212691.xml,The Roles of APC and Axin Derived from Experimental and Theoretical Analysis of the Wnt Pathway,Results,1,xml_top_level_sec,15,71,8,43,1181,351
pmc_000014::chunk_00016,pmc_000014,semantic_section,section_recursive_over_512,PMC000xxxxxx/PMC212691.xml,The Roles of APC and Axin Derived from Experimental and Theoretical Analysis of the Wnt Pathway,Results,1,xml_top_level_sec,16,71,9,43,1635,395
pmc_000014::chunk_00017,pmc_000014,semantic_section,section_recursive_over_512,PMC000xxxxxx/PMC212691.xml,The Roles of APC and Axin Derived from Experimental and Theoretical Analysis of the Wnt Pathway,Results,1,xml_top_level_sec,17,71,10,43,1618,393
pmc_000014::chunk_00018,pmc_000014,semantic_section,section_recursive_over_512,PMC000xxxxxx/PMC212691.xml,The Roles of APC and Axin Derived from Experimental and Theoretical Analysis of the Wnt Pathway,Results,1,xml_top_level_sec,18,71,11,43,1591,396
pmc_000014::chunk_00019,pmc_000014,semantic_section,section_recursive_over_512,PMC000xxxxxx/PMC212691.xml,The Roles of APC and Axin Derived from Experimental and Theoretical Analysis of the Wnt Pathway,Results,1,xml_top_level_sec,19,71,12,43,1711,402
pmc_000014::chunk_00020,pmc_000014,semantic_section,section_recursive_over_512,PMC000xxxxxx/PMC212691.xml,The Roles of APC and Axin Derived from Experimental and Theoretical Analysis of the Wnt Pathway,Results,1,xml_top_level_sec,20,71,13,43,1698,401
pmc_000014::chunk_00021,pmc_000014,semantic_section,section_recursive_over_512,PMC000xxxxxx/PMC212691.xml,The Roles of APC and Axin Derived from Experimental and Theoretical Analysis of the Wnt Pathway,Results,1,xml_top_level_sec,21,71,14,43,1843,402
pmc_000014::chunk_00022,pmc_000014,semantic_section,section_recursive_over_512,PMC000xxxxxx/PMC212691.xml,The Roles of APC and Axin Derived from Experimental and Theoretical Analysis of the Wnt Pathway,Results,1,xml_top_level_sec,22,71,15,43,1334,337
pmc_000014::chunk_00023,pmc_000014,semantic_section,section_recursive_over_512,PMC000xxxxxx/PMC212691.xml,The Roles of APC and Axin Derived from Experimental and Theoretical Analysis of the Wnt Pathway,Results,1,xml_top_level_sec,23,71,16,43,1477,398
pmc_000014::chunk_00024,pmc_000014,semantic_section,section_recursive_over_512,PMC000xxxxxx/PMC212691.xml,The Roles of APC and Axin Derived from Experimental and Theoretical Analysis of the Wnt Pathway,Results,1,xml_top_level_sec,24,71,17,43,1619,401
pmc_000014::chunk_00025,pmc_000014,semantic_section,section_recursive_over_512,PMC000xxxxxx/PMC212691.xml,The Roles of APC and Axin Derived from Experimental and Theoretical Analysis of the Wnt Pathway,Results,1,xml_top_level_sec,25,71,18,43,1399,362
pmc_000014::chunk_00026,pmc_000014,semantic_section,section_recursive_over_512,PMC000xxxxxx/PMC212691.xml,The Roles of APC and Axin Derived from Experimental and Theoretical Analysis of the Wnt Pathway,Results,1,xml_top_level_sec,26,71,19,43,1471,371
pmc_000014::chunk_00027,pmc_000014,semantic_section,section_recursive_over_512,PMC000xxxxxx/PMC212691.xml,The Roles of APC and Axin Derived from Experimental and Theoretical Analysis of the Wnt Pathway,Results,1,xml_top_level_sec,27,71,20,43,1532,375
pmc_000014::chunk_00028,pmc_000014,semantic_section,section_recursive_over_512,PMC000xxxxxx/PMC212691.xml,The Roles of APC and Axin Derived from Experimental and Theoretical Analysis of the Wnt Pathway,Results,1,xml_top_level_sec,28,71,21,43,1751,399
pmc_000014::chunk_00029,pmc_000014,semantic_section,section_recursive_over_512,PMC000xxxxxx/PMC212691.xml,The Roles of APC and Axin Derived from Experimental and Theoretical Analysis of the Wnt Pathway,Results,1,xml_top_level_sec,29,71,22,43,1498,383
pmc_000014::chunk_00030,pmc_000014,semantic_section,section_recursive_over_512,PMC000xxxxxx/PMC212691.xml,The Roles of APC and Axin Derived from Experimental and Theoretical Analysis of the Wnt Pathway,Results,1,xml_top_level_sec,30,71,23,43,1578,375
pmc_000014::chunk_00031,pmc_000014,semantic_section,section_recursive_over_512,PMC000xxxxxx/PMC212691.xml,The Roles of APC and Axin Derived from Experimental and Theoretical Analysis of the Wnt Pathway,Results,1,xml_top_level_sec,31,71,24,43,1945,399
pmc_000014::chunk_00032,pmc_000014,semantic_section,section_recursive_over_512,PMC000xxxxxx/PMC212691.xml,The Roles of APC and Axin Derived from Experimental and Theoretical Analysis of the Wnt Pathway,Results,1,xml_top_level_sec,32,71,25,43,1514,334
pmc_000014::chunk_00033,pmc_000014,semantic_section,section_recursive_over_512,PMC000xxxxxx/PMC212691.xml,The Roles of APC and Axin Derived from Experimental and Theoretical Analysis of the Wnt Pathway,Results,1,xml_top_level_sec,33,71,26,43,1673,383
pmc_000014::chunk_00034,pmc_000014,semantic_section,section_recursive_over_512,PMC000xxxxxx/PMC212691.xml,The Roles of APC and Axin Derived from Experimental and Theoretical Analysis of the Wnt Pathway,Results,1,xml_top_level_sec,34,71,27,43,1799,375
pmc_000014::chunk_00035,pmc_000014,semantic_section,section_recursive_over_512,PMC000xxxxxx/PMC212691.xml,The Roles of APC and Axin Derived from Experimental and Theoretical Analysis of the Wnt Pathway,Results,1,xml_top_level_sec,35,71,28,43,1778,373
pmc_000014::chunk_00036,pmc_000014,semantic_section,section_recursive_over_512,PMC000xxxxxx/PMC212691.xml,The Roles of APC and Axin Derived from Experimental and Theoretical Analysis of the Wnt Pathway,Results,1,xml_top_level_sec,36,71,29,43,1596,359
pmc_000014::chunk_00037,pmc_000014,semantic_section,section_recursive_over_512,PMC000xxxxxx/PMC212691.xml,The Roles of APC and Axin Derived from Experimental and Theoretical Analysis of the Wnt Pathway,Results,1,xml_top_level_sec,37,71,30,43,1764,394
pmc_000014::chunk_00038,pmc_000014,semantic_section,section_recursive_over_512,PMC000xxxxxx/PMC212691.xml,The Roles of APC and Axin Derived from Experimental and Theoretical Analysis of the Wnt Pathway,Results,1,xml_top_level_sec,38,71,31,43,1380,357
pmc_000014::chunk_00039,pmc_000014,semantic_section,section_recursive_over_512,PMC000xxxxxx/PMC212691.xml,The Roles of APC and Axin Derived from Experimental and Theoretical Analysis of the Wnt Pathway,Results,1,xml_top_level_sec,39,71,32,43,1483,381
pmc_000014::chunk_00040,pmc_000014,semantic_section,section_recursive_over_512,PMC000xxxxxx/PMC212691.xml,The Roles of APC and Axin Derived from Experimental and Theoretical Analysis of the Wnt Pathway,Results,1,xml_top_level_sec,40,71,33,43,1531,373
pmc_000014::chunk_00041,pmc_000014,semantic_section,section_recursive_over_512,PMC000xxxxxx/PMC212691.xml,The Roles of APC and Axin Derived from Experimental and Theoretical Analysis of the Wnt Pathway,Results,1,xml_top_level_sec,41,71,34,43,1710,379
pmc_000014::chunk_00042,pmc_000014,semantic_section,section_recursive_over_512,PMC000xxxxxx/PMC212691.xml,The Roles of APC and Axin Derived from Experimental and Theoretical Analysis of the Wnt Pathway,Results,1,xml_top_level_sec,42,71,35,43,1610,364
pmc_000014::chunk_00043,pmc_000014,semantic_section,section_recursive_over_512,PMC000xxxxxx/PMC212691.xml,The Roles of APC and Axin Derived from Experimental and Theoretical Analysis of the Wnt Pathway,Results,1,xml_top_level_sec,43,71,36,43,1958,393
pmc_000014::chunk_00044,pmc_000014,semantic_section,section_recursive_over_512,PMC000xxxxxx/PMC212691.xml,The Roles of APC and Axin Derived from Experimental and Theoretical Analysis of the Wnt Pathway,Results,1,xml_top_level_sec,44,71,37,43,1329,322
pmc_000014::chunk_00045,pmc_000014,semantic_section,section_recursive_over_512,PMC000xxxxxx/PMC212691.xml,The Roles of APC and Axin Derived from Experimental and Theoretical Analysis of the Wnt Pathway,Results,1,xml_top_level_sec,45,71,38,43,1612,397
pmc_000014::chunk_00046,pmc_000014,semantic_section,section_recursive_over_512,PMC000xxxxxx/PMC212691.xml,The Roles of APC and Axin Derived from Experimental and Theoretical Analysis of the Wnt Pathway,Results,1,xml_top_level_sec,46,71,39,43,1798,382
pmc_000014::chunk_00047,pmc_000014,semantic_section,section_recursive_over_512,PMC000xxxxxx/PMC212691.xml,The Roles of APC and Axin Derived from Experimental and Theoretical Analysis of the Wnt Pathway,Results,1,xml_top_level_sec,47,71,40,43,1934,389
pmc_000014::chunk_00048,pmc_000014,semantic_section,section_recursive_over_512,PMC000xxxxxx/PMC212691.xml,The Roles of APC and Axin Derived from Experimental and Theoretical Analysis of the Wnt Pathway,Results,1,xml_top_level_sec,48,71,41,43,1836,376
pmc_000014::chunk_00049,pmc_000014,semantic_section,section_recursive_over_512,PMC000xxxxxx/PMC212691.xml,The Roles of APC and Axin Derived from Experimental and Theoretical Analysis of the Wnt Pathway,Results,1,xml_top_level_sec,49,71,42,43,464,108
pmc_000014::chunk_00050,pmc_000014,semantic_section,section_recursive_over_512,PMC000xxxxxx/PMC212691.xml,The Roles of APC and Axin Derived from Experimental and Theoretical Analysis of the Wnt Pathway,Discussion,2,xml_top_level_sec,50,71,0,13,10,3
pmc_000014::chunk_00051,pmc_000014,semantic_section,section_recursive_over_512,PMC000xxxxxx/PMC212691.xml,The Roles of APC and Axin Derived from Experimental and Theoretical Analysis of the Wnt Pathway,Discussion,2,xml_top_level_sec,51,71,1,13,1763,353
pmc_000014::chunk_00052,pmc_000014,semantic_section,section_recursive_over_512,PMC000xxxxxx/PMC212691.xml,The Roles of APC and Axin Derived from Experimental and Theoretical Analysis of the Wnt Pathway,Discussion,2,xml_top_level_sec,52,71,2,13,1785,390
pmc_000014::chunk_00053,pmc_000014,semantic_section,section_recursive_over_512,PMC000xxxxxx/PMC212691.xml,The Roles of APC and Axin Derived from Experimental and Theoretical Analysis of the Wnt Pathway,Discussion,2,xml_top_level_sec,53,71,3,13,2025,390
pmc_000014::chunk_00054,pmc_000014,semantic_section,section_recursive_over_512,PMC000xxxxxx/PMC212691.xml,The Roles of APC and Axin Derived from Experimental and Theoretical Analysis of the Wnt Pathway,Discussion,2,xml_top_level_sec,54,71,4,13,1799,380
pmc_000014::chunk_00055,pmc_000014,semantic_section,section_recursive_over_512,PMC000xxxxxx/PMC212691.xml,The Roles of APC and Axin Derived from Experimental and Theoretical Analysis of the Wnt Pathway,Discussion,2,xml_top_level_sec,55,71,5,13,1703,346
pmc_000014::chunk_00056,pmc_000014,semantic_section,section_recursive_over_512,PMC000xxxxxx/PMC212691.xml,The Roles of APC and Axin Derived from Experimental and Theoretical Analysis of the Wnt Pathway,Discussion,2,xml_top_level_sec,56,71,6,13,1729,383
pmc_000014::chunk_00057,pmc_000014,semantic_section,section_recursive_over_512,PMC000xxxxxx/PMC212691.xml,The Roles of APC and Axin Derived from Experimental and Theoretical Analysis of the Wnt Pathway,Discussion,2,xml_top_level_sec,57,71,7,13,1940,392
pmc_000014::chunk_00058,pmc_000014,semantic_section,section_recursive_over_512,PMC000xxxxxx/PMC212691.xml,The Roles of APC and Axin Derived from Experimental and Theoretical Analysis of the Wnt Pathway,Discussion,2,xml_top_level_sec,58,71,8,13,1789,400
pmc_000014::chunk_00059,pmc_000014,semantic_section,section_recursive_over_512,PMC000xxxxxx/PMC212691.xml,The Roles of APC and Axin Derived from Experimental and Theoretical Analysis of the Wnt Pathway,Discussion,2,xml_top_level_sec,59,71,9,13,1848,375
pmc_000014::chunk_00060,pmc_000014,semantic_section,section_recursive_over_512,PMC000xxxxxx/PMC212691.xml,The Roles of APC and Axin Derived from Experimental and Theoretical Analysis of the Wnt Pathway,Discussion,2,xml_top_level_sec,60,71,10,13,2063,392
pmc_000014::chunk_00061,pmc_000014,semantic_section,section_recursive_over_512,PMC000xxxxxx/PMC212691.xml,The Roles of APC and Axin Derived from Experimental and Theoretical Analysis of the Wnt Pathway,Discussion,2,xml_top_level_sec,61,71,11,13,1986,372
pmc_000014::chunk_00062,pmc_000014,semantic_section,section_recursive_over_512,PMC000xxxxxx/PMC212691.xml,The Roles of APC and Axin Derived from Experimental and Theoretical Analysis of the Wnt Pathway,Discussion,2,xml_top_level_sec,62,71,12,13,651,108
pmc_000014::chunk_00063,pmc_000014,semantic_section,section_recursive_over_512,PMC000xxxxxx/PMC212691.xml,The Roles of APC and Axin Derived from Experimental and Theoretical Analysis of the Wnt Pathway,Materials and Methods,3,xml_top_level_sec,63,71,0,5,21,5
pmc_000014::chunk_00064,pmc_000014,semantic_section,section_recursive_over_512,PMC000xxxxxx/PMC212691.xml,The Roles of APC and Axin Derived from Experimental and Theoretical Analysis of the Wnt Pathway,Materials and Methods,3,xml_top_level_sec,64,71,1,5,1536,402
pmc_000014::chunk_00065,pmc_000014,semantic_section,section_recursive_over_512,PMC000xxxxxx/PMC212691.xml,The Roles of APC and Axin Derived from Experimental and Theoretical Analysis of the Wnt Pathway,Materials and Methods,3,xml_top_level_sec,65,71,2,5,1178,349
pmc_000014::chunk_00066,pmc_000014,semantic_section,section_recursive_over_512,PMC000xxxxxx/PMC212691.xml,The Roles of APC and Axin Derived from Experimental and Theoretical Analysis of the Wnt Pathway,Materials and Methods,3,xml_top_level_sec,66,71,3,5,1315,393
pmc_000014::chunk_00067,pmc_000014,semantic_section,section_recursive_over_512,PMC000xxxxxx/PMC212691.xml,The Roles of APC and Axin Derived from Experimental and Theoretical Analysis of the Wnt Pathway,Materials and Methods,3,xml_top_level_sec,67,71,4,5,601,162
pmc_000014::chunk_00068,pmc_000014,semantic_section,section_recursive_over_512,PMC000xxxxxx/PMC212691.xml,The Roles of APC and Axin Derived from Experimental and Theoretical Analysis of the Wnt Pathway,Supporting Information,4,xml_top_level_sec,68,71,0,3,22,4
pmc_000014::chunk_00069,pmc_000014,semantic_section,section_recursive_over_512,PMC000xxxxxx/PMC212691.xml,The Roles of APC and Axin Derived from Experimental and Theoretical Analysis of the Wnt Pathway,Supporting Information,4,xml_top_level_sec,69,71,1,3,1632,400
pmc_000014::chunk_00070,pmc_000014,semantic_section,section_recursive_over_512,PMC000xxxxxx/PMC212691.xml,The Roles of APC and Axin Derived from Experimental and Theoretical Analysis of the Wnt Pathway,Supporting Information,4,xml_top_level_sec,70,71,2,3,947,214
pmc_000015::chunk_00000,pmc_000015,semantic_section,section_whole_under_512,PMC000xxxxxx/PMC212692.xml,Genome-Wide RNAi of C. elegans Using the Hypersensitive rrf-3 Strain Reveals Novel Gene Functions,Title and abstract,-1,record_title_abstract,0,31,0,1,1500,338
pmc_000015::chunk_00001,pmc_000015,semantic_section,section_recursive_over_512,PMC000xxxxxx/PMC212692.xml,Genome-Wide RNAi of C. elegans Using the Hypersensitive rrf-3 Strain Reveals Novel Gene Functions,Introduction,0,xml_top_level_sec,1,31,0,4,12,3
pmc_000015::chunk_00002,pmc_000015,semantic_section,section_recursive_over_512,PMC000xxxxxx/PMC212692.xml,Genome-Wide RNAi of C. elegans Using the Hypersensitive rrf-3 Strain Reveals Novel Gene Functions,Introduction,0,xml_top_level_sec,2,31,1,4,1507,368
pmc_000015::chunk_00003,pmc_000015,semantic_section,section_recursive_over_512,PMC000xxxxxx/PMC212692.xml,Genome-Wide RNAi of C. elegans Using the Hypersensitive rrf-3 Strain Reveals Novel Gene Functions,Introduction,0,xml_top_level_sec,3,31,2,4,1377,380
pmc_000015::chunk_00004,pmc_000015,semantic_section,section_recursive_over_512,PMC000xxxxxx/PMC212692.xml,Genome-Wide RNAi of C. elegans Using the Hypersensitive rrf-3 Strain Reveals Novel Gene Functions,Introduction,0,xml_top_level_sec,4,31,3,4,1196,292
pmc_000015::chunk_00005,pmc_000015,semantic_section,section_recursive_over_512,PMC000xxxxxx/PMC212692.xml,Genome-Wide RNAi of C. elegans Using the Hypersensitive rrf-3 Strain Reveals Novel Gene Functions,Results,1,xml_top_level_sec,5,31,0,14,7,3
pmc_000015::chunk_00006,pmc_000015,semantic_section,section_recursive_over_512,PMC000xxxxxx/PMC212692.xml,Genome-Wide RNAi of C. elegans Using the Hypersensitive rrf-3 Strain Reveals Novel Gene Functions,Results,1,xml_top_level_sec,6,31,1,14,1581,384
pmc_000015::chunk_00007,pmc_000015,semantic_section,section_recursive_over_512,PMC000xxxxxx/PMC212692.xml,Genome-Wide RNAi of C. elegans Using the Hypersensitive rrf-3 Strain Reveals Novel Gene Functions,Results,1,xml_top_level_sec,7,31,2,14,1675,395
pmc_000015::chunk_00008,pmc_000015,semantic_section,section_recursive_over_512,PMC000xxxxxx/PMC212692.xml,Genome-Wide RNAi of C. elegans Using the Hypersensitive rrf-3 Strain Reveals Novel Gene Functions,Results,1,xml_top_level_sec,8,31,3,14,1680,388
pmc_000015::chunk_00009,pmc_000015,semantic_section,section_recursive_over_512,PMC000xxxxxx/PMC212692.xml,Genome-Wide RNAi of C. elegans Using the Hypersensitive rrf-3 Strain Reveals Novel Gene Functions,Results,1,xml_top_level_sec,9,31,4,14,1587,386
pmc_000015::chunk_00010,pmc_000015,semantic_section,section_recursive_over_512,PMC000xxxxxx/PMC212692.xml,Genome-Wide RNAi of C. elegans Using the Hypersensitive rrf-3 Strain Reveals Novel Gene Functions,Results,1,xml_top_level_sec,10,31,5,14,1549,397
pmc_000015::chunk_00011,pmc_000015,semantic_section,section_recursive_over_512,PMC000xxxxxx/PMC212692.xml,Genome-Wide RNAi of C. elegans Using the Hypersensitive rrf-3 Strain Reveals Novel Gene Functions,Results,1,xml_top_level_sec,11,31,6,14,1520,383
pmc_000015::chunk_00012,pmc_000015,semantic_section,section_recursive_over_512,PMC000xxxxxx/PMC212692.xml,Genome-Wide RNAi of C. elegans Using the Hypersensitive rrf-3 Strain Reveals Novel Gene Functions,Results,1,xml_top_level_sec,12,31,7,14,1454,392
pmc_000015::chunk_00013,pmc_000015,semantic_section,section_recursive_over_512,PMC000xxxxxx/PMC212692.xml,Genome-Wide RNAi of C. elegans Using the Hypersensitive rrf-3 Strain Reveals Novel Gene Functions,Results,1,xml_top_level_sec,13,31,8,14,1404,362
pmc_000015::chunk_00014,pmc_000015,semantic_section,section_recursive_over_512,PMC000xxxxxx/PMC212692.xml,Genome-Wide RNAi of C. elegans Using the Hypersensitive rrf-3 Strain Reveals Novel Gene Functions,Results,1,xml_top_level_sec,14,31,9,14,1419,367
pmc_000015::chunk_00015,pmc_000015,semantic_section,section_recursive_over_512,PMC000xxxxxx/PMC212692.xml,Genome-Wide RNAi of C. elegans Using the Hypersensitive rrf-3 Strain Reveals Novel Gene Functions,Results,1,xml_top_level_sec,15,31,10,14,1464,376
pmc_000015::chunk_00016,pmc_000015,semantic_section,section_recursive_over_512,PMC000xxxxxx/PMC212692.xml,Genome-Wide RNAi of C. elegans Using the Hypersensitive rrf-3 Strain Reveals Novel Gene Functions,Results,1,xml_top_level_sec,16,31,11,14,1651,393
pmc_000015::chunk_00017,pmc_000015,semantic_section,section_recursive_over_512,PMC000xxxxxx/PMC212692.xml,Genome-Wide RNAi of C. elegans Using the Hypersensitive rrf-3 Strain Reveals Novel Gene Functions,Results,1,xml_top_level_sec,17,31,12,14,1351,375
pmc_000015::chunk_00018,pmc_000015,semantic_section,section_recursive_over_512,PMC000xxxxxx/PMC212692.xml,Genome-Wide RNAi of C. elegans Using the Hypersensitive rrf-3 Strain Reveals Novel Gene Functions,Results,1,xml_top_level_sec,18,31,13,14,1036,263
pmc_000015::chunk_00019,pmc_000015,semantic_section,section_recursive_over_512,PMC000xxxxxx/PMC212692.xml,Genome-Wide RNAi of C. elegans Using the Hypersensitive rrf-3 Strain Reveals Novel Gene Functions,Discussion,2,xml_top_level_sec,19,31,0,5,10,3
pmc_000015::chunk_00020,pmc_000015,semantic_section,section_recursive_over_512,PMC000xxxxxx/PMC212692.xml,Genome-Wide RNAi of C. elegans Using the Hypersensitive rrf-3 Strain Reveals Novel Gene Functions,Discussion,2,xml_top_level_sec,20,31,1,5,1737,401
pmc_000015::chunk_00021,pmc_000015,semantic_section,section_recursive_over_512,PMC000xxxxxx/PMC212692.xml,Genome-Wide RNAi of C. elegans Using the Hypersensitive rrf-3 Strain Reveals Novel Gene Functions,Discussion,2,xml_top_level_sec,21,31,2,5,1570,374
pmc_000015::chunk_00022,pmc_000015,semantic_section,section_recursive_over_512,PMC000xxxxxx/PMC212692.xml,Genome-Wide RNAi of C. elegans Using the Hypersensitive rrf-3 Strain Reveals Novel Gene Functions,Discussion,2,xml_top_level_sec,22,31,3,5,1581,391
pmc_000015::chunk_00023,pmc_000015,semantic_section,section_recursive_over_512,PMC000xxxxxx/PMC212692.xml,Genome-Wide RNAi of C. elegans Using the Hypersensitive rrf-3 Strain Reveals Novel Gene Functions,Discussion,2,xml_top_level_sec,23,31,4,5,1050,221
pmc_000015::chunk_00024,pmc_000015,semantic_section,section_recursive_over_512,PMC000xxxxxx/PMC212692.xml,Genome-Wide RNAi of C. elegans Using the Hypersensitive rrf-3 Strain Reveals Novel Gene Functions,Materials and Methods,3,xml_top_level_sec,24,31,0,6,21,5
pmc_000015::chunk_00025,pmc_000015,semantic_section,section_recursive_over_512,PMC000xxxxxx/PMC212692.xml,Genome-Wide RNAi of C. elegans Using the Hypersensitive rrf-3 Strain Reveals Novel Gene Functions,Materials and Methods,3,xml_top_level_sec,25,31,1,6,41,12
pmc_000015::chunk_00026,pmc_000015,semantic_section,section_recursive_over_512,PMC000xxxxxx/PMC212692.xml,Genome-Wide RNAi of C. elegans Using the Hypersensitive rrf-3 Strain Reveals Novel Gene Functions,Materials and Methods,3,xml_top_level_sec,26,31,2,6,512,319
pmc_000015::chunk_00027,pmc_000015,semantic_section,section_recursive_over_512,PMC000xxxxxx/PMC212692.xml,Genome-Wide RNAi of C. elegans Using the Hypersensitive rrf-3 Strain Reveals Novel Gene Functions,Materials and Methods,3,xml_top_level_sec,27,31,3,6,221,136
pmc_000015::chunk_00028,pmc_000015,semantic_section,section_recursive_over_512,PMC000xxxxxx/PMC212692.xml,Genome-Wide RNAi of C. elegans Using the Hypersensitive rrf-3 Strain Reveals Novel Gene Functions,Materials and Methods,3,xml_top_level_sec,28,31,4,6,1251,372
pmc_000015::chunk_00029,pmc_000015,semantic_section,section_recursive_over_512,PMC000xxxxxx/PMC212692.xml,Genome-Wide RNAi of C. elegans Using the Hypersensitive rrf-3 Strain Reveals Novel Gene Functions,Materials and Methods,3,xml_top_level_sec,29,31,5,6,1083,287
pmc_000015::chunk_00030,pmc_000015,semantic_section,section_whole_under_512,PMC000xxxxxx/PMC212692.xml,Genome-Wide RNAi of C. elegans Using the Hypersensitive rrf-3 Strain Reveals Novel Gene Functions,Supporting Information,4,xml_top_level_sec,30,31,0,1,472,118
pmc_000016::chunk_00000,pmc_000016,recursive_fallback_no_section,recursive_fulltext_no_section,PMC000xxxxxx/PMC212693.xml,Heterochromatin Dynamics,Full text fallback,0,no_section_recursive_fallback,0,7,0,7,167,38
pmc_000016::chunk_00001,pmc_000016,recursive_fallback_no_section,recursive_fulltext_no_section,PMC000xxxxxx/PMC212693.xml,Heterochromatin Dynamics,Full text fallback,0,no_section_recursive_fallback,1,7,1,7,1725,379
pmc_000016::chunk_00002,pmc_000016,recursive_fallback_no_section,recursive_fulltext_no_section,PMC000xxxxxx/PMC212693.xml,Heterochromatin Dynamics,Full text fallback,0,no_section_recursive_fallback,2,7,2,7,1763,399
pmc_000016::chunk_00003,pmc_000016,recursive_fallback_no_section,recursive_fulltext_no_section,PMC000xxxxxx/PMC212693.xml,Heterochromatin Dynamics,Full text fallback,0,no_section_recursive_fallback,3,7,3,7,1694,396
pmc_000016::chunk_00004,pmc_000016,recursive_fallback_no_section,recursive_fulltext_no_section,PMC000xxxxxx/PMC212693.xml,Heterochromatin Dynamics,Full text fallback,0,no_section_recursive_fallback,4,7,4,7,1884,397
pmc_000016::chunk_00005,pmc_000016,recursive_fallback_no_section,recursive_fulltext_no_section,PMC000xxxxxx/PMC212693.xml,Heterochromatin Dynamics,Full text fallback,0,no_section_recursive_fallback,5,7,5,7,1875,381
pmc_000016::chunk_00006,pmc_000016,recursive_fallback_no_section,recursive_fulltext_no_section,PMC000xxxxxx/PMC212693.xml,Heterochromatin Dynamics,Full text fallback,0,no_section_recursive_fallback,6,7,6,7,790,155
pmc_000017::chunk_00000,pmc_000017,semantic_section,section_whole_under_512,PMC000xxxxxx/PMC212694.xml,Microarray Analysis,Title and abstract,-1,record_title_abstract,0,8,0,1,241,47
pmc_000017::chunk_00001,pmc_000017,semantic_section,section_recursive_over_512,PMC000xxxxxx/PMC212694.xml,Microarray Analysis,Fundamental Microarray Technology,0,xml_top_level_sec,1,8,0,3,33,7
pmc_000017::chunk_00002,pmc_000017,semantic_section,section_recursive_over_512,PMC000xxxxxx/PMC212694.xml,Microarray Analysis,Fundamental Microarray Technology,0,xml_top_level_sec,2,8,1,3,1957,389
pmc_000017::chunk_00003,pmc_000017,semantic_section,section_recursive_over_512,PMC000xxxxxx/PMC212694.xml,Microarray Analysis,Fundamental Microarray Technology,0,xml_top_level_sec,3,8,2,3,1497,268
pmc_000017::chunk_00004,pmc_000017,semantic_section,section_recursive_over_512,PMC000xxxxxx/PMC212694.xml,Microarray Analysis,Fishing for Hypotheses,1,xml_top_level_sec,4,8,0,4,22,8
pmc_000017::chunk_00005,pmc_000017,semantic_section,section_recursive_over_512,PMC000xxxxxx/PMC212694.xml,Microarray Analysis,Fishing for Hypotheses,1,xml_top_level_sec,5,8,1,4,1979,386
pmc_000017::chunk_00006,pmc_000017,semantic_section,section_recursive_over_512,PMC000xxxxxx/PMC212694.xml,Microarray Analysis,Fishing for Hypotheses,1,xml_top_level_sec,6,8,2,4,1968,392
pmc_000017::chunk_00007,pmc_000017,semantic_section,section_recursive_over_512,PMC000xxxxxx/PMC212694.xml,Microarray Analysis,Fishing for Hypotheses,1,xml_top_level_sec,7,8,3,4,1097,198
pmc_000018::chunk_00000,pmc_000018,semantic_section,section_whole_under_512,PMC000xxxxxx/PMC212695.xml,V(D)J Recombination and the Evolution of the Adaptive Immune System,Title and abstract,-1,record_title_abstract,0,8,0,1,278,64
pmc_000018::chunk_00001,pmc_000018,semantic_section,section_whole_under_512,PMC000xxxxxx/PMC212695.xml,V(D)J Recombination and the Evolution of the Adaptive Immune System,V(D)J Recombination: A Cut-and-Paste Reaction,0,xml_top_level_sec,1,8,0,1,1353,319
pmc_000018::chunk_00002,pmc_000018,semantic_section,section_whole_under_512,PMC000xxxxxx/PMC212695.xml,V(D)J Recombination and the Evolution of the Adaptive Immune System,RAGs: Indispensable for V(D)J Recombination,1,xml_top_level_sec,2,8,0,1,1417,353
pmc_000018::chunk_00003,pmc_000018,semantic_section,section_whole_under_512,PMC000xxxxxx/PMC212695.xml,V(D)J Recombination and the Evolution of the Adaptive Immune System,RSSs: The Targets of the Reaction,2,xml_top_level_sec,3,8,0,1,2007,477
pmc_000018::chunk_00004,pmc_000018,semantic_section,section_whole_under_512,PMC000xxxxxx/PMC212695.xml,V(D)J Recombination and the Evolution of the Adaptive Immune System,Breaks: Necessary Precursors of Recombination,3,xml_top_level_sec,4,8,0,1,1102,266
pmc_000018::chunk_00005,pmc_000018,semantic_section,section_whole_under_512,PMC000xxxxxx/PMC212695.xml,V(D)J Recombination and the Evolution of the Adaptive Immune System,Resolution: The Final Step,4,xml_top_level_sec,5,8,0,1,1078,282
pmc_000018::chunk_00006,pmc_000018,semantic_section,section_whole_under_512,PMC000xxxxxx/PMC212695.xml,V(D)J Recombination and the Evolution of the Adaptive Immune System,An Evolutionary Model of V(D)J Recombination,5,xml_top_level_sec,6,8,0,1,1750,408
pmc_000018::chunk_00007,pmc_000018,semantic_section,section_whole_under_512,PMC000xxxxxx/PMC212695.xml,V(D)J Recombination and the Evolution of the Adaptive Immune System,Conclusion,6,xml_top_level_sec,7,8,0,1,490,105
pmc_000019::chunk_00000,pmc_000019,recursive_fallback_no_section,recursive_fulltext_no_section,PMC000xxxxxx/PMC212696.xml,Neuroscience Networks,Full text fallback,0,no_section_recursive_fallback,0,7,0,7,185,32
pmc_000019::chunk_00001,pmc_000019,recursive_fallback_no_section,recursive_fulltext_no_section,PMC000xxxxxx/PMC212696.xml,Neuroscience Networks,Full text fallback,0,no_section_recursive_fallback,1,7,1,7,2047,396
pmc_000019::chunk_00002,pmc_000019,recursive_fallback_no_section,recursive_fulltext_no_section,PMC000xxxxxx/PMC212696.xml,Neuroscience Networks,Full text fallback,0,no_section_recursive_fallback,2,7,2,7,1953,396
pmc_000019::chunk_00003,pmc_000019,recursive_fallback_no_section,recursive_fulltext_no_section,PMC000xxxxxx/PMC212696.xml,Neuroscience Networks,Full text fallback,0,no_section_recursive_fallback,3,7,3,7,2207,394
pmc_000019::chunk_00004,pmc_000019,recursive_fallback_no_section,recursive_fulltext_no_section,PMC000xxxxxx/PMC212696.xml,Neuroscience Networks,Full text fallback,0,no_section_recursive_fallback,4,7,4,7,1970,374
pmc_000019::chunk_00005,pmc_000019,recursive_fallback_no_section,recursive_fulltext_no_section,PMC000xxxxxx/PMC212696.xml,Neuroscience Networks,Full text fallback,0,no_section_recursive_fallback,5,7,5,7,2125,392
pmc_000019::chunk_00006,pmc_000019,recursive_fallback_no_section,recursive_fulltext_no_section,PMC000xxxxxx/PMC212696.xml,Neuroscience Networks,Full text fallback,0,no_section_recursive_fallback,6,7,6,7,439,83
pmc_000020::chunk_00000,pmc_000020,semantic_section,section_whole_under_512,PMC000xxxxxx/PMC212697.xml,Digital Evolution,Title and abstract,-1,record_title_abstract,0,20,0,1,131,28
pmc_000020::chunk_00001,pmc_000020,semantic_section,section_recursive_over_512,PMC000xxxxxx/PMC212697.xml,Digital Evolution,Complex Challenges and the Virtue of Simplicity,0,xml_top_level_sec,1,20,0,6,47,9
pmc_000020::chunk_00002,pmc_000020,semantic_section,section_recursive_over_512,PMC000xxxxxx/PMC212697.xml,Digital Evolution,Complex Challenges and the Virtue of Simplicity,0,xml_top_level_sec,2,20,1,6,1962,398
pmc_000020::chunk_00003,pmc_000020,semantic_section,section_recursive_over_512,PMC000xxxxxx/PMC212697.xml,Digital Evolution,Complex Challenges and the Virtue of Simplicity,0,xml_top_level_sec,3,20,2,6,1883,381
pmc_000020::chunk_00004,pmc_000020,semantic_section,section_recursive_over_512,PMC000xxxxxx/PMC212697.xml,Digital Evolution,Complex Challenges and the Virtue of Simplicity,0,xml_top_level_sec,4,20,3,6,2003,384
pmc_000020::chunk_00005,pmc_000020,semantic_section,section_recursive_over_512,PMC000xxxxxx/PMC212697.xml,Digital Evolution,Complex Challenges and the Virtue of Simplicity,0,xml_top_level_sec,5,20,4,6,1798,375
pmc_000020::chunk_00006,pmc_000020,semantic_section,section_recursive_over_512,PMC000xxxxxx/PMC212697.xml,Digital Evolution,Complex Challenges and the Virtue of Simplicity,0,xml_top_level_sec,6,20,5,6,1257,266
pmc_000020::chunk_00007,pmc_000020,semantic_section,section_recursive_over_512,PMC000xxxxxx/PMC212697.xml,Digital Evolution,Evolution in Action,1,xml_top_level_sec,7,20,0,5,19,5
pmc_000020::chunk_00008,pmc_000020,semantic_section,section_recursive_over_512,PMC000xxxxxx/PMC212697.xml,Digital Evolution,Evolution in Action,1,xml_top_level_sec,8,20,1,5,1624,377
pmc_000020::chunk_00009,pmc_000020,semantic_section,section_recursive_over_512,PMC000xxxxxx/PMC212697.xml,Digital Evolution,Evolution in Action,1,xml_top_level_sec,9,20,2,5,1842,385
pmc_000020::chunk_00010,pmc_000020,semantic_section,section_recursive_over_512,PMC000xxxxxx/PMC212697.xml,Digital Evolution,Evolution in Action,1,xml_top_level_sec,10,20,3,5,1916,397
pmc_000020::chunk_00011,pmc_000020,semantic_section,section_recursive_over_512,PMC000xxxxxx/PMC212697.xml,Digital Evolution,Evolution in Action,1,xml_top_level_sec,11,20,4,5,1388,257
pmc_000020::chunk_00012,pmc_000020,semantic_section,section_recursive_over_512,PMC000xxxxxx/PMC212697.xml,Digital Evolution,The Limits to Truth,2,xml_top_level_sec,12,20,0,4,19,6
pmc_000020::chunk_00013,pmc_000020,semantic_section,section_recursive_over_512,PMC000xxxxxx/PMC212697.xml,Digital Evolution,The Limits to Truth,2,xml_top_level_sec,13,20,1,4,1863,381
pmc_000020::chunk_00014,pmc_000020,semantic_section,section_recursive_over_512,PMC000xxxxxx/PMC212697.xml,Digital Evolution,The Limits to Truth,2,xml_top_level_sec,14,20,2,4,1807,397
pmc_000020::chunk_00015,pmc_000020,semantic_section,section_recursive_over_512,PMC000xxxxxx/PMC212697.xml,Digital Evolution,The Limits to Truth,2,xml_top_level_sec,15,20,3,4,672,129
pmc_000020::chunk_00016,pmc_000020,semantic_section,section_recursive_over_512,PMC000xxxxxx/PMC212697.xml,Digital Evolution,The First Steps to Freedom,3,xml_top_level_sec,16,20,0,4,26,7
pmc_000020::chunk_00017,pmc_000020,semantic_section,section_recursive_over_512,PMC000xxxxxx/PMC212697.xml,Digital Evolution,The First Steps to Freedom,3,xml_top_level_sec,17,20,1,4,1814,373
pmc_000020::chunk_00018,pmc_000020,semantic_section,section_recursive_over_512,PMC000xxxxxx/PMC212697.xml,Digital Evolution,The First Steps to Freedom,3,xml_top_level_sec,18,20,2,4,1827,381
pmc_000020::chunk_00019,pmc_000020,semantic_section,section_recursive_over_512,PMC000xxxxxx/PMC212697.xml,Digital Evolution,The First Steps to Freedom,3,xml_top_level_sec,19,20,3,4,1065,202
